CAVG,CINTMAX,CINTMED,CINTMIN,CMAX,CMED,CMIN,CRRALL,CRRINT,DAVG,DINTAVG,DINTMAX,DINTMED,DINTMIN,DMAX,DMED,DMIN,DRRALL,DRRINT,GEO_ID,RESP_DATE,state,county,tract
,,,,,,,49.6,18.2,,,,,,,,,0.2,0.0,1400000US28003950700,2020-04-13,28,003,950700
,,,,,,,41.2,14.5,,,,,,,,,0.0,0.0,1400000US28005950100,2020-04-13,28,005,950100
,,,,,,,26.3,10.4,,,,,,,,,0.1,0.0,1400000US28005950200,2020-04-13,28,005,950200
,,,,,,,32.2,13.4,,,,,,,,,0.3,0.3,1400000US28005950301,2020-04-13,28,005,950301
,,,,,,,34.3,12.1,,,,,,,,,0.2,0.1,1400000US28005950302,2020-04-13,28,005,950302
,,,,,,,36.5,13.5,,,,,,,,,0.1,0.1,1400000US28007060100,2020-04-13,28,007,060100
,,,,,,,40.7,15.3,,,,,,,,,0.1,0.0,1400000US28007060200,2020-04-13,28,007,060200
,,,,,,,39.8,14.7,,,,,,,,,0.1,0.0,1400000US28007060300,2020-04-13,28,007,060300
,,,,,,,47.0,15.7,,,,,,,,,0.2,0.1,1400000US28007060400,2020-04-13,28,007,060400
,,,,,,,54.4,24.3,,,,,,,,,0.4,0.2,1400000US28007060500,2020-04-13,28,007,060500
,,,,,,,51.8,24.8,,,,,,,,,0.0,0.0,1400000US28007060600,2020-04-13,28,007,060600
,,,,,,,42.6,20.1,,,,,,,,,0.3,0.0,1400000US28009950101,2020-04-13,28,009,950101
,,,,,,,42.5,13.6,,,,,,,,,0.2,0.1,1400000US28009950102,2020-04-13,28,009,950102
,,,,,,,44.0,17.9,,,,,,,,,0.1,0.0,1400000US28009950200,2020-04-13,28,009,950200
,,,,,,,20.4,17.1,,,,,,,,,0.0,0.0,1400000US28011950100,2020-04-13,28,011,950100
,,,,,,,39.2,21.7,,,,,,,,,0.1,0.1,1400000US28011950300,2020-04-13,28,011,950300
,,,,,,,26.5,15.4,,,,,,,,,0.1,0.1,1400000US28011950400,2020-04-13,28,011,950400
,,,,,,,46.5,45.9,,,,,,,,,0.1,0.1,1400000US28011950601,2020-04-13,28,011,950601
,,,,,,,49.2,26.8,,,,,,,,,0.1,0.0,1400000US28011950701,2020-04-13,28,011,950701
,,,,,,,56.7,27.5,,,,,,,,,0.2,0.0,1400000US28011950702,2020-04-13,28,011,950702
,,,,,,,15.4,7.8,,,,,,,,,0.0,0.0,1400000US28013950200,2020-04-13,28,013,950200
,,,,,,,43.3,12.5,,,,,,,,,0.3,0.1,1400000US28013950300,2020-04-13,28,013,950300
,,,,,,,26.4,12.9,,,,,,,,,0.2,0.0,1400000US28013950500,2020-04-13,28,013,950500
,,,,,,,33.3,13.1,,,,,,,,,0.2,0.1,1400000US28015950201,2020-04-13,28,015,950201
,,,,,,,33.3,15.5,,,,,,,,,0.1,0.1,1400000US28015950202,2020-04-13,28,015,950202
,,,,,,,46.7,14.3,,,,,,,,,0.2,0.0,1400000US28017950200,2020-04-13,28,017,950200
,,,,,,,47.8,14.8,,,,,,,,,0.1,0.1,1400000US28017950401,2020-04-13,28,017,950401
,,,,,,,55.3,16.5,,,,,,,,,0.5,0.2,1400000US28017950402,2020-04-13,28,017,950402
,,,,,,,42.7,16.1,,,,,,,,,0.2,0.1,1400000US28019950200,2020-04-13,28,019,950200
,,,,,,,34.9,18.3,,,,,,,,,0.3,0.1,1400000US28021950100,2020-04-13,28,021,950100
,,,,,,,43.2,23.4,,,,,,,,,0.1,0.0,1400000US28021950200,2020-04-13,28,021,950200
,,,,,,,44.2,12.7,,,,,,,,,0.1,0.0,1400000US28023950100,2020-04-13,28,023,950100
,,,,,,,45.6,18.7,,,,,,,,,1.1,0.5,1400000US28023950202,2020-04-13,28,023,950202
,,,,,,,37.0,14.1,,,,,,,,,0.1,0.1,1400000US28023950300,2020-04-13,28,023,950300
,,,,,,,51.1,22.4,,,,,,,,,0.3,0.1,1400000US28025950100,2020-04-13,28,025,950100
,,,,,,,42.9,17.5,,,,,,,,,0.1,0.0,1400000US28025950200,2020-04-13,28,025,950200
,,,,,,,56.7,26.1,,,,,,,,,0.1,0.0,1400000US28025950400,2020-04-13,28,025,950400
,,,,,,,38.4,37.6,,,,,,,,,0.2,0.2,1400000US28025950500,2020-04-13,28,025,950500
,,,,,,,44.5,21.8,,,,,,,,,0.0,0.0,1400000US28027950200,2020-04-13,28,027,950200
,,,,,,,50.7,24.4,,,,,,,,,0.1,0.1,1400000US28027950400,2020-04-13,28,027,950400
,,,,,,,47.3,25.7,,,,,,,,,0.1,0.0,1400000US28027950500,2020-04-13,28,027,950500
,,,,,,,49.7,22.9,,,,,,,,,0.0,0.0,1400000US28027950700,2020-04-13,28,027,950700
,,,,,,,52.0,26.4,,,,,,,,,0.3,0.1,1400000US28029950102,2020-04-13,28,029,950102
,,,,,,,30.7,13.0,,,,,,,,,0.1,0.1,1400000US28061950401,2020-04-13,28,061,950401
,,,,,,,27.7,20.9,,,,,,,,,0.0,0.0,1400000US28063950101,2020-04-13,28,063,950101
,,,,,,,42.6,23.1,,,,,,,,,0.2,0.2,1400000US28063950102,2020-04-13,28,063,950102
,,,,,,,18.0,17.7,,,,,,,,,0.0,0.0,1400000US28063950200,2020-04-13,28,063,950200
,,,,,,,35.3,13.5,,,,,,,,,0.3,0.0,1400000US28065950102,2020-04-13,28,065,950102
,,,,,,,39.7,16.4,,,,,,,,,0.1,0.1,1400000US28065950201,2020-04-13,28,065,950201
,,,,,,,47.6,19.1,,,,,,,,,0.3,0.0,1400000US28067950101,2020-04-13,28,067,950101
,,,,,,,36.6,35.9,,,,,,,,,0.3,0.3,1400000US28067950201,2020-04-13,28,067,950201
,,,,,,,35.1,34.4,,,,,,,,,0.2,0.1,1400000US28067950202,2020-04-13,28,067,950202
,,,,,,,48.0,18.3,,,,,,,,,0.5,0.2,1400000US28067950302,2020-04-13,28,067,950302
,,,,,,,50.8,24.5,,,,,,,,,0.4,0.2,1400000US28067950401,2020-04-13,28,067,950401
,,,,,,,40.4,18.4,,,,,,,,,0.1,0.0,1400000US28067950500,2020-04-13,28,067,950500
,,,,,,,39.9,16.4,,,,,,,,,0.5,0.1,1400000US28067950700,2020-04-13,28,067,950700
,,,,,,,48.0,16.3,,,,,,,,,0.1,0.1,1400000US28067950802,2020-04-13,28,067,950802
,,,,,,,44.9,17.1,,,,,,,,,0.3,0.1,1400000US28067950901,2020-04-13,28,067,950901
,,,,,,,42.9,15.6,,,,,,,,,0.2,0.1,1400000US28067950902,2020-04-13,28,067,950902
,,,,,,,43.0,19.9,,,,,,,,,0.2,0.1,1400000US28067951000,2020-04-13,28,067,951000
,,,,,,,48.2,19.2,,,,,,,,,0.7,0.3,1400000US28067951101,2020-04-13,28,067,951101
,,,,,,,42.6,15.3,,,,,,,,,0.3,0.0,1400000US28067951102,2020-04-13,28,067,951102
,,,,,,,38.6,15.2,,,,,,,,,0.1,0.0,1400000US28069030100,2020-04-13,28,069,030100
,,,,,,,42.0,13.4,,,,,,,,,0.0,0.0,1400000US28069030200,2020-04-13,28,069,030200
,,,,,,,46.3,22.1,,,,,,,,,0.3,0.2,1400000US28071950100,2020-04-13,28,071,950100
,,,,,,,38.5,38.2,,,,,,,,,0.1,0.1,1400000US28071950201,2020-04-13,28,071,950201
,,,,,,,20.3,20.0,,,,,,,,,0.1,0.1,1400000US28071950203,2020-04-13,28,071,950203
,,,,,,,23.8,23.1,,,,,,,,,0.1,0.1,1400000US28071950204,2020-04-13,28,071,950204
,,,,,,,21.2,21.2,,,,,,,,,0.2,0.2,1400000US28071950301,2020-04-13,28,071,950301
,,,,,,,36.9,36.2,,,,,,,,,0.2,0.2,1400000US28071950303,2020-04-13,28,071,950303
,,,,,,,31.0,30.8,,,,,,,,,0.1,0.1,1400000US28071950304,2020-04-13,28,071,950304
,,,,,,,34.5,15.6,,,,,,,,,0.2,0.0,1400000US28071950402,2020-04-13,28,071,950402
,,,,,,,43.0,42.6,,,,,,,,,0.2,0.2,1400000US28071950403,2020-04-13,28,071,950403
,,,,,,,45.3,44.4,,,,,,,,,0.3,0.3,1400000US28071950502,2020-04-13,28,071,950502
,,,,,,,30.5,30.2,,,,,,,,,0.2,0.2,1400000US28071950505,2020-04-13,28,071,950505
,,,,,,,48.4,48.2,,,,,,,,,0.2,0.2,1400000US28071950506,2020-04-13,28,071,950506
,,,,,,,48.8,21.5,,,,,,,,,0.3,0.1,1400000US28073020101,2020-04-13,28,073,020101
,,,,,,,56.6,28.4,,,,,,,,,0.2,0.1,1400000US28073020102,2020-04-13,28,073,020102
,,,,,,,54.9,54.5,,,,,,,,,0.2,0.2,1400000US28073020204,2020-04-13,28,073,020204
,,,,,,,62.1,61.6,,,,,,,,,0.2,0.2,1400000US28073020206,2020-04-13,28,073,020206
,,,,,,,52.2,51.4,,,,,,,,,0.4,0.4,1400000US28073020303,2020-04-13,28,073,020303
,,,,,,,39.6,39.2,,,,,,,,,0.4,0.4,1400000US28073020305,2020-04-13,28,073,020305
,,,,,,,42.5,42.3,,,,,,,,,0.2,0.2,1400000US28073020306,2020-04-13,28,073,020306
,,,,,,,37.2,36.4,,,,,,,,,0.2,0.2,1400000US28073020308,2020-04-13,28,073,020308
,,,,,,,48.0,24.8,,,,,,,,,0.1,0.1,1400000US28029950400,2020-04-13,28,029,950400
,,,,,,,42.6,18.9,,,,,,,,,0.1,0.1,1400000US28029950501,2020-04-13,28,029,950501
,,,,,,,46.4,19.5,,,,,,,,,0.3,0.1,1400000US28029950600,2020-04-13,28,029,950600
,,,,,,,32.2,19.3,,,,,,,,,0.2,0.2,1400000US28031950200,2020-04-13,28,031,950200
,,,,,,,46.4,16.4,,,,,,,,,0.3,0.1,1400000US28031950402,2020-04-13,28,031,950402
,,,,,,,53.7,52.9,,,,,,,,,0.2,0.2,1400000US28033070102,2020-04-13,28,033,070102
,,,,,,,51.2,50.4,,,,,,,,,0.2,0.2,1400000US28033070210,2020-04-13,28,033,070210
,,,,,,,46.9,46.5,,,,,,,,,0.3,0.3,1400000US28033070222,2020-04-13,28,033,070222
,,,,,,,46.2,29.5,,,,,,,,,0.1,0.1,1400000US28033070310,2020-04-13,28,033,070310
,,,,,,,47.3,46.7,,,,,,,,,0.2,0.2,1400000US28033070323,2020-04-13,28,033,070323
,,,,,,,54.7,28.9,,,,,,,,,0.4,0.2,1400000US28033070324,2020-04-13,28,033,070324
,,,,,,,47.0,46.1,,,,,,,,,0.1,0.1,1400000US28033070325,2020-04-13,28,033,070325
,,,,,,,49.7,48.5,,,,,,,,,0.3,0.3,1400000US28033070411,2020-04-13,28,033,070411
,,,,,,,46.8,45.9,,,,,,,,,0.4,0.4,1400000US28033070412,2020-04-13,28,033,070412
,,,,,,,45.2,44.6,,,,,,,,,0.1,0.1,1400000US28033070421,2020-04-13,28,033,070421
,,,,,,,56.9,29.7,,,,,,,,,0.2,0.1,1400000US28033070422,2020-04-13,28,033,070422
,,,,,,,54.9,31.1,,,,,,,,,0.1,0.1,1400000US28033070521,2020-04-13,28,033,070521
,,,,,,,49.9,49.1,,,,,,,,,0.2,0.2,1400000US28033070522,2020-04-13,28,033,070522
,,,,,,,58.6,57.7,,,,,,,,,0.6,0.6,1400000US28033070523,2020-04-13,28,033,070523
,,,,,,,42.5,41.8,,,,,,,,,0.2,0.2,1400000US28033070610,2020-04-13,28,033,070610
,,,,,,,60.2,59.8,,,,,,,,,0.3,0.3,1400000US28033070631,2020-04-13,28,033,070631
,,,,,,,57.5,57.0,,,,,,,,,0.1,0.1,1400000US28033070632,2020-04-13,28,033,070632
,,,,,,,62.3,61.8,,,,,,,,,0.4,0.4,1400000US28033070633,2020-04-13,28,033,070633
,,,,,,,56.4,55.3,,,,,,,,,0.2,0.2,1400000US28033070634,2020-04-13,28,033,070634
,,,,,,,59.9,59.6,,,,,,,,,0.3,0.3,1400000US28033070635,2020-04-13,28,033,070635
,,,,,,,58.3,57.8,,,,,,,,,0.3,0.3,1400000US28033070721,2020-04-13,28,033,070721
,,,,,,,55.4,54.7,,,,,,,,,0.2,0.2,1400000US28033070723,2020-04-13,28,033,070723
,,,,,,,47.7,47.0,,,,,,,,,0.2,0.2,1400000US28033070812,2020-04-13,28,033,070812
,,,,,,,53.6,52.9,,,,,,,,,0.2,0.2,1400000US28033070821,2020-04-13,28,033,070821
,,,,,,,58.7,58.1,,,,,,,,,0.4,0.4,1400000US28033070830,2020-04-13,28,033,070830
,,,,,,,60.0,59.5,,,,,,,,,0.3,0.3,1400000US28033071001,2020-04-13,28,033,071001
,,,,,,,58.1,57.6,,,,,,,,,0.3,0.3,1400000US28033071002,2020-04-13,28,033,071002
,,,,,,,58.5,58.0,,,,,,,,,0.3,0.3,1400000US28033071122,2020-04-13,28,033,071122
,,,,,,,45.0,44.3,,,,,,,,,0.2,0.1,1400000US28033071124,2020-04-13,28,033,071124
,,,,,,,44.0,43.2,,,,,,,,,0.3,0.3,1400000US28033071200,2020-04-13,28,033,071200
,,,,,,,46.4,29.2,,,,,,,,,0.1,0.1,1400000US28035000300,2020-04-13,28,035,000300
,,,,,,,41.7,24.6,,,,,,,,,0.2,0.0,1400000US28035000500,2020-04-13,28,035,000500
,,,,,,,46.3,30.0,,,,,,,,,0.2,0.1,1400000US28035000602,2020-04-13,28,035,000602
,,,,,,,57.4,56.9,,,,,,,,,0.1,0.1,1400000US28035000800,2020-04-13,28,035,000800
,,,,,,,32.2,32.0,,,,,,,,,0.1,0.1,1400000US28035000900,2020-04-13,28,035,000900
,,,,,,,41.3,40.5,,,,,,,,,0.1,0.1,1400000US28035001100,2020-04-13,28,035,001100
,,,,,,,50.4,50.0,,,,,,,,,0.4,0.4,1400000US28035010103,2020-04-13,28,035,010103
,,,,,,,46.4,45.6,,,,,,,,,0.2,0.2,1400000US28035010104,2020-04-13,28,035,010104
,,,,,,,47.0,46.1,,,,,,,,,0.3,0.3,1400000US28035010202,2020-04-13,28,035,010202
,,,,,,,56.9,29.9,,,,,,,,,0.4,0.1,1400000US28035010300,2020-04-13,28,035,010300
,,,,,,,50.5,23.9,,,,,,,,,0.1,0.1,1400000US28073020402,2020-04-13,28,073,020402
,,,,,,,43.5,15.0,,,,,,,,,0.3,0.2,1400000US28073020501,2020-04-13,28,073,020501
,,,,,,,41.0,16.8,,,,,,,,,0.1,0.0,1400000US28073020600,2020-04-13,28,073,020600
,,,,,,,35.6,11.9,,,,,,,,,0.0,0.0,1400000US28075000200,2020-04-13,28,075,000200
,,,,,,,36.4,13.7,,,,,,,,,0.2,0.0,1400000US28075000401,2020-04-13,28,075,000401
,,,,,,,33.7,12.7,,,,,,,,,0.1,0.1,1400000US28075000600,2020-04-13,28,075,000600
,,,,,,,40.4,16.8,,,,,,,,,0.3,0.0,1400000US28075000700,2020-04-13,28,075,000700
,,,,,,,49.0,22.3,,,,,,,,,0.0,0.0,1400000US28075000900,2020-04-13,28,075,000900
,,,,,,,46.6,45.6,,,,,,,,,0.2,0.2,1400000US28075001101,2020-04-13,28,075,001101
,,,,,,,54.4,26.0,,,,,,,,,0.3,0.2,1400000US28075001102,2020-04-13,28,075,001102
,,,,,,,47.0,19.3,,,,,,,,,0.2,0.1,1400000US28075010204,2020-04-13,28,075,010204
,,,,,,,35.1,34.6,,,,,,,,,0.2,0.2,1400000US28075010206,2020-04-13,28,075,010206
,,,,,,,46.6,45.8,,,,,,,,,0.3,0.3,1400000US28075010301,2020-04-13,28,075,010301
,,,,,,,45.4,44.7,,,,,,,,,0.2,0.2,1400000US28075010304,2020-04-13,28,075,010304
,,,,,,,43.6,43.2,,,,,,,,,0.1,0.1,1400000US28075010501,2020-04-13,28,075,010501
,,,,,,,40.4,39.3,,,,,,,,,0.2,0.2,1400000US28075010502,2020-04-13,28,075,010502
,,,,,,,42.2,40.9,,,,,,,,,0.1,0.1,1400000US28075010602,2020-04-13,28,075,010602
,,,,,,,36.5,14.5,,,,,,,,,0.1,0.0,1400000US28077960100,2020-04-13,28,077,960100
,,,,,,,38.1,13.8,,,,,,,,,0.2,0.0,1400000US28077960300,2020-04-13,28,077,960300
,,,,,,,48.5,15.4,,,,,,,,,0.1,0.1,1400000US28079040401,2020-04-13,28,079,040401
,,,,,,,45.8,21.4,,,,,,,,,0.0,0.0,1400000US28079040402,2020-04-13,28,079,040402
,,,,,,,53.2,23.6,,,,,,,,,0.2,0.2,1400000US28079040600,2020-04-13,28,079,040600
,,,,,,,54.7,24.7,,,,,,,,,0.1,0.1,1400000US28081950101,2020-04-13,28,081,950101
,,,,,,,54.9,22.7,,,,,,,,,0.4,0.2,1400000US28081950102,2020-04-13,28,081,950102
,,,,,,,45.8,45.5,,,,,,,,,0.1,0.1,1400000US28081950204,2020-04-13,28,081,950204
,,,,,,,46.6,20.0,,,,,,,,,0.0,0.0,1400000US28081950302,2020-04-13,28,081,950302
,,,,,,,53.3,24.6,,,,,,,,,0.3,0.1,1400000US28081950401,2020-04-13,28,081,950401
,,,,,,,50.8,50.3,,,,,,,,,0.2,0.2,1400000US28081950403,2020-04-13,28,081,950403
,,,,,,,59.6,59.1,,,,,,,,,0.2,0.2,1400000US28081950404,2020-04-13,28,081,950404
,,,,,,,52.3,50.6,,,,,,,,,0.0,0.0,1400000US28081950501,2020-04-13,28,081,950501
,,,,,,,52.6,51.3,,,,,,,,,0.1,0.1,1400000US28081950502,2020-04-13,28,081,950502
,,,,,,,56.0,55.1,,,,,,,,,0.2,0.2,1400000US28081950601,2020-04-13,28,081,950601
,,,,,,,51.8,24.8,,,,,,,,,0.2,0.0,1400000US28081950602,2020-04-13,28,081,950602
,,,,,,,47.8,24.6,,,,,,,,,0.5,0.3,1400000US28081950700,2020-04-13,28,081,950700
,,,,,,,43.9,42.8,,,,,,,,,0.2,0.2,1400000US28081950800,2020-04-13,28,081,950800
,,,,,,,51.2,50.2,,,,,,,,,0.5,0.2,1400000US28081950901,2020-04-13,28,081,950901
,,,,,,,57.4,26.9,,,,,,,,,0.1,0.1,1400000US28081950902,2020-04-13,28,081,950902
,,,,,,,45.8,15.8,,,,,,,,,0.1,0.0,1400000US28081951001,2020-04-13,28,081,951001
,,,,,,,30.8,16.6,,,,,,,,,0.2,0.1,1400000US28081951002,2020-04-13,28,081,951002
,,,,,,,45.8,19.5,,,,,,,,,0.2,0.0,1400000US28081951101,2020-04-13,28,081,951101
,,,,,,,48.1,17.3,,,,,,,,,0.1,0.0,1400000US28081951102,2020-04-13,28,081,951102
,,,,,,,33.8,13.1,,,,,,,,,0.0,0.0,1400000US28083950100,2020-04-13,28,083,950100
,,,,,,,50.5,24.6,,,,,,,,,0.4,0.0,1400000US28035010500,2020-04-13,28,035,010500
,,,,,,,43.3,16.6,,,,,,,,,0.3,0.1,1400000US28035010602,2020-04-13,28,035,010602
,,,,,,,36.7,20.3,,,,,,,,,0.3,0.3,1400000US28035010700,2020-04-13,28,035,010700
,,,,,,,33.5,11.4,,,,,,,,,0.0,0.0,1400000US28037950102,2020-04-13,28,037,950102
,,,,,,,48.9,19.8,,,,,,,,,0.2,0.2,1400000US28039950101,2020-04-13,28,039,950101
,,,,,,,45.4,16.8,,,,,,,,,0.2,0.1,1400000US28039950102,2020-04-13,28,039,950102
,,,,,,,38.7,16.7,,,,,,,,,0.2,0.1,1400000US28039950302,2020-04-13,28,039,950302
,,,,,,,41.1,17.5,,,,,,,,,0.3,0.0,1400000US28039950303,2020-04-13,28,039,950303
,,,,,,,42.3,13.7,,,,,,,,,0.3,0.1,1400000US28041950101,2020-04-13,28,041,950101
,,,,,,,38.9,14.6,,,,,,,,,0.2,0.1,1400000US28041950201,2020-04-13,28,041,950201
,,,,,,,29.8,11.9,,,,,,,,,0.3,0.0,1400000US28041950202,2020-04-13,28,041,950202
,,,,,,,41.3,14.8,,,,,,,,,0.2,0.1,1400000US28043950102,2020-04-13,28,043,950102
,,,,,,,43.6,15.7,,,,,,,,,0.2,0.1,1400000US28043950202,2020-04-13,28,043,950202
,,,,,,,52.4,24.2,,,,,,,,,0.1,0.0,1400000US28043950300,2020-04-13,28,043,950300
,,,,,,,54.1,24.8,,,,,,,,,0.2,0.2,1400000US28043950500,2020-04-13,28,043,950500
,,,,,,,52.6,21.9,,,,,,,,,0.2,0.1,1400000US28045030101,2020-04-13,28,045,030101
,,,,,,,32.7,13.8,,,,,,,,,0.2,0.2,1400000US28045030201,2020-04-13,28,045,030201
,,,,,,,51.5,23.9,,,,,,,,,0.3,0.1,1400000US28045030203,2020-04-13,28,045,030203
,,,,,,,51.0,23.2,,,,,,,,,0.3,0.2,1400000US28045030301,2020-04-13,28,045,030301
,,,,,,,30.7,14.8,,,,,,,,,0.1,0.1,1400000US28045030302,2020-04-13,28,045,030302
,,,,,,,38.7,16.8,,,,,,,,,0.5,0.2,1400000US28045030303,2020-04-13,28,045,030303
,,,,,,,41.5,20.0,,,,,,,,,0.4,0.2,1400000US28045030304,2020-04-13,28,045,030304
,,,,,,,25.0,24.2,,,,,,,,,0.2,0.2,1400000US28045030400,2020-04-13,28,045,030400
,,,,,,,59.3,58.6,,,,,,,,,0.2,0.2,1400000US28045030501,2020-04-13,28,045,030501
,,,,,,,61.2,60.8,,,,,,,,,0.3,0.3,1400000US28045030502,2020-04-13,28,045,030502
,,,,,,,53.9,53.1,,,,,,,,,0.2,0.2,1400000US28045030503,2020-04-13,28,045,030503
,,,,,,,44.0,20.3,,,,,,,,,0.1,0.0,1400000US28045030603,2020-04-13,28,045,030603
,,,,,,,46.2,18.8,,,,,,,,,0.2,0.0,1400000US28045030604,2020-04-13,28,045,030604
,,,,,,,45.8,23.0,,,,,,,,,0.3,0.2,1400000US28045030605,2020-04-13,28,045,030605
,,,,,,,36.8,17.5,,,,,,,,,0.2,0.1,1400000US28045030606,2020-04-13,28,045,030606
,,,,,,,39.1,38.1,,,,,,,,,0.2,0.2,1400000US28047000600,2020-04-13,28,047,000600
,,,,,,,21.7,21.7,,,,,,,,,0.1,0.1,1400000US28047000900,2020-04-13,28,047,000900
,,,,,,,39.7,39.6,,,,,,,,,0.1,0.1,1400000US28047001203,2020-04-13,28,047,001203
,,,,,,,51.0,49.4,,,,,,,,,0.1,0.0,1400000US28047001204,2020-04-13,28,047,001204
,,,,,,,44.5,26.8,,,,,,,,,0.2,0.1,1400000US28047001206,2020-04-13,28,047,001206
,,,,,,,49.2,27.4,,,,,,,,,0.2,0.2,1400000US28047001207,2020-04-13,28,047,001207
,,,,,,,38.7,38.6,,,,,,,,,0.1,0.1,1400000US28047001302,2020-04-13,28,047,001302
,,,,,,,34.2,33.9,,,,,,,,,0.3,0.3,1400000US28047001401,2020-04-13,28,047,001401
,,,,,,,51.4,50.6,,,,,,,,,0.4,0.4,1400000US28047001503,2020-04-13,28,047,001503
,,,,,,,39.6,39.1,,,,,,,,,0.1,0.1,1400000US28047001506,2020-04-13,28,047,001506
,,,,,,,51.4,25.9,,,,,,,,,0.2,0.0,1400000US28047001701,2020-04-13,28,047,001701
,,,,,,,46.4,21.4,,,,,,,,,0.1,0.0,1400000US28047001703,2020-04-13,28,047,001703
,,,,,,,33.3,18.5,,,,,,,,,0.1,0.0,1400000US28083950300,2020-04-13,28,083,950300
,,,,,,,48.7,24.7,,,,,,,,,0.0,0.0,1400000US28083950400,2020-04-13,28,083,950400
,,,,,,,41.5,20.2,,,,,,,,,0.0,0.0,1400000US28083950700,2020-04-13,28,083,950700
,,,,,,,47.3,23.6,,,,,,,,,0.1,0.0,1400000US28083950900,2020-04-13,28,083,950900
,,,,,,,47.4,18.2,,,,,,,,,0.1,0.0,1400000US28085950100,2020-04-13,28,085,950100
,,,,,,,48.6,18.6,,,,,,,,,0.1,0.1,1400000US28085950202,2020-04-13,28,085,950202
,,,,,,,44.9,17.8,,,,,,,,,0.2,0.0,1400000US28085950302,2020-04-13,28,085,950302
,,,,,,,46.0,17.2,,,,,,,,,0.1,0.0,1400000US28085950401,2020-04-13,28,085,950401
,,,,,,,48.5,20.9,,,,,,,,,0.1,0.0,1400000US28085950500,2020-04-13,28,085,950500
,,,,,,,54.3,24.0,,,,,,,,,0.1,0.1,1400000US28085950601,2020-04-13,28,085,950601
,,,,,,,40.8,19.8,,,,,,,,,0.0,0.0,1400000US28087000102,2020-04-13,28,087,000102
,,,,,,,50.2,49.7,,,,,,,,,0.2,0.2,1400000US28087000104,2020-04-13,28,087,000104
,,,,,,,55.2,54.5,,,,,,,,,0.1,0.1,1400000US28087000301,2020-04-13,28,087,000301
,,,,,,,55.7,26.8,,,,,,,,,0.1,0.0,1400000US28087000403,2020-04-13,28,087,000403
,,,,,,,56.5,55.0,,,,,,,,,0.2,0.2,1400000US28087000404,2020-04-13,28,087,000404
,,,,,,,60.0,28.6,,,,,,,,,0.0,0.0,1400000US28087000406,2020-04-13,28,087,000406
,,,,,,,59.5,30.8,,,,,,,,,0.2,0.0,1400000US28087000600,2020-04-13,28,087,000600
,,,,,,,46.4,22.7,,,,,,,,,0.3,0.1,1400000US28087000700,2020-04-13,28,087,000700
,,,,,,,45.2,25.7,,,,,,,,,0.2,0.1,1400000US28087000901,2020-04-13,28,087,000901
,,,,,,,40.0,39.0,,,,,,,,,0.1,0.1,1400000US28087001000,2020-04-13,28,087,001000
,,,,,,,41.2,22.3,,,,,,,,,0.2,0.2,1400000US28087001100,2020-04-13,28,087,001100
,,,,,,,59.0,58.7,,,,,,,,,0.3,0.3,1400000US28089030104,2020-04-13,28,089,030104
,,,,,,,51.5,50.6,,,,,,,,,0.1,0.1,1400000US28089030105,2020-04-13,28,089,030105
,,,,,,,67.8,67.5,,,,,,,,,0.1,0.1,1400000US28089030110,2020-04-13,28,089,030110
,,,,,,,44.8,44.5,,,,,,,,,0.0,0.0,1400000US28089030111,2020-04-13,28,089,030111
,,,,,,,66.3,65.9,,,,,,,,,0.2,0.2,1400000US28089030202,2020-04-13,28,089,030202
,,,,,,,64.2,63.6,,,,,,,,,0.2,0.2,1400000US28089030204,2020-04-13,28,089,030204
,,,,,,,58.3,57.8,,,,,,,,,0.3,0.3,1400000US28089030205,2020-04-13,28,089,030205
,,,,,,,65.3,65.0,,,,,,,,,0.1,0.1,1400000US28089030207,2020-04-13,28,089,030207
,,,,,,,60.7,60.3,,,,,,,,,0.1,0.1,1400000US28089030208,2020-04-13,28,089,030208
,,,,,,,52.1,26.2,,,,,,,,,0.1,0.0,1400000US28089030302,2020-04-13,28,089,030302
,,,,,,,42.0,40.6,,,,,,,,,0.1,0.1,1400000US28089030403,2020-04-13,28,089,030403
,,,,,,,55.6,34.9,,,,,,,,,0.4,0.2,1400000US28089030502,2020-04-13,28,089,030502
,,,,,,,46.2,44.6,,,,,,,,,0.1,0.1,1400000US28089030900,2020-04-13,28,089,030900
,,,,,,,49.4,18.8,,,,,,,,,0.5,0.1,1400000US28089031000,2020-04-13,28,089,031000
,,,,,,,50.7,16.7,,,,,,,,,0.4,0.1,1400000US28091950100,2020-04-13,28,091,950100
,,,,,,,39.2,18.7,,,,,,,,,0.3,0.3,1400000US28091950200,2020-04-13,28,091,950200
,,,,,,,48.0,19.1,,,,,,,,,0.5,0.1,1400000US28091950400,2020-04-13,28,091,950400
,,,,,,,42.4,15.7,,,,,,,,,0.3,0.1,1400000US28091950500,2020-04-13,28,091,950500
,,,,,,,43.6,15.5,,,,,,,,,0.4,0.2,1400000US28091950600,2020-04-13,28,091,950600
,,,,,,,49.1,22.0,,,,,,,,,0.6,0.2,1400000US28093950101,2020-04-13,28,093,950101
,,,,,,,46.8,19.9,,,,,,,,,0.2,0.2,1400000US28093950102,2020-04-13,28,093,950102
,,,,,,,46.6,20.5,,,,,,,,,0.3,0.1,1400000US28093950201,2020-04-13,28,093,950201
,,,,,,,42.9,20.0,,,,,,,,,0.5,0.2,1400000US28047001800,2020-04-13,28,047,001800
,,,,,,,37.3,18.7,,,,,,,,,0.1,0.1,1400000US28047002001,2020-04-13,28,047,002001
,,,,,,,44.2,22.9,,,,,,,,,0.5,0.3,1400000US28047002300,2020-04-13,28,047,002300
,,,,,,,49.4,26.9,,,,,,,,,0.9,0.2,1400000US28047002401,2020-04-13,28,047,002401
,,,,,,,47.9,25.8,,,,,,,,,0.4,0.1,1400000US28047002600,2020-04-13,28,047,002600
,,,,,,,51.9,51.0,,,,,,,,,0.2,0.2,1400000US28047002702,2020-04-13,28,047,002702
,,,,,,,52.0,51.4,,,,,,,,,0.2,0.2,1400000US28047002802,2020-04-13,28,047,002802
,,,,,,,45.5,21.5,,,,,,,,,0.1,0.0,1400000US28047002900,2020-04-13,28,047,002900
,,,,,,,40.4,40.2,,,,,,,,,0.4,0.4,1400000US28047003002,2020-04-13,28,047,003002
,,,,,,,50.7,50.1,,,,,,,,,0.4,0.4,1400000US28047003104,2020-04-13,28,047,003104
,,,,,,,51.3,50.2,,,,,,,,,0.3,0.3,1400000US28047003105,2020-04-13,28,047,003105
,,,,,,,56.1,55.4,,,,,,,,,0.3,0.3,1400000US28047003107,2020-04-13,28,047,003107
,,,,,,,48.4,47.5,,,,,,,,,0.1,0.1,1400000US28047003208,2020-04-13,28,047,003208
,,,,,,,54.5,53.2,,,,,,,,,0.1,0.1,1400000US28047003210,2020-04-13,28,047,003210
,,,,,,,53.5,51.8,,,,,,,,,0.0,0.0,1400000US28047003212,2020-04-13,28,047,003212
,,,,,,,51.9,51.0,,,,,,,,,0.1,0.1,1400000US28047003213,2020-04-13,28,047,003213
,,,,,,,50.6,49.7,,,,,,,,,0.1,0.1,1400000US28047003215,2020-04-13,28,047,003215
,,,,,,,61.2,60.7,,,,,,,,,0.2,0.2,1400000US28047003217,2020-04-13,28,047,003217
,,,,,,,46.9,45.7,,,,,,,,,0.3,0.3,1400000US28047003305,2020-04-13,28,047,003305
,,,,,,,45.9,45.2,,,,,,,,,1.0,1.0,1400000US28047003307,2020-04-13,28,047,003307
,,,,,,,52.9,52.1,,,,,,,,,0.1,0.1,1400000US28047003309,2020-04-13,28,047,003309
,,,,,,,49.3,48.8,,,,,,,,,0.5,0.5,1400000US28047003310,2020-04-13,28,047,003310
,,,,,,,59.3,59.0,,,,,,,,,0.2,0.2,1400000US28047003312,2020-04-13,28,047,003312
,,,,,,,62.4,61.5,,,,,,,,,0.2,0.2,1400000US28047003313,2020-04-13,28,047,003313
,,,,,,,55.3,54.7,,,,,,,,,0.4,0.4,1400000US28047003405,2020-04-13,28,047,003405
,,,,,,,59.8,59.5,,,,,,,,,0.2,0.2,1400000US28047003407,2020-04-13,28,047,003407
,,,,,,,52.1,52.0,,,,,,,,,0.4,0.4,1400000US28047003408,2020-04-13,28,047,003408
,,,,,,,45.6,45.0,,,,,,,,,0.0,0.0,1400000US28047003506,2020-04-13,28,047,003506
,,,,,,,52.1,51.2,,,,,,,,,0.1,0.1,1400000US28047003508,2020-04-13,28,047,003508
,,,,,,,55.1,54.5,,,,,,,,,0.3,0.3,1400000US28047003509,2020-04-13,28,047,003509
,,,,,,,48.0,21.7,,,,,,,,,0.3,0.1,1400000US28047003511,2020-04-13,28,047,003511
,,,,,,,51.9,25.1,,,,,,,,,0.3,0.1,1400000US28047003512,2020-04-13,28,047,003512
,,,,,,,47.4,47.1,,,,,,,,,0.3,0.3,1400000US28047003513,2020-04-13,28,047,003513
,,,,,,,54.8,54.2,,,,,,,,,0.2,0.2,1400000US28047003514,2020-04-13,28,047,003514
,,,,,,,32.3,31.5,,,,,,,,,0.0,0.0,1400000US28047003600,2020-04-13,28,047,003600
,,,,,,,48.3,25.3,,,,,,,,,0.1,0.0,1400000US28047003700,2020-04-13,28,047,003700
,,,,,,,44.5,19.9,,,,,,,,,0.1,0.0,1400000US28047003800,2020-04-13,28,047,003800
,,,,,,,45.4,21.6,,,,,,,,,0.8,0.4,1400000US28047003901,2020-04-13,28,047,003901
,,,,,,,43.2,20.6,,,,,,,,,0.2,0.1,1400000US28047003902,2020-04-13,28,047,003902
,,,,,,,48.6,25.5,,,,,,,,,0.3,0.1,1400000US28047004000,2020-04-13,28,047,004000
,,,,,,,59.8,59.1,,,,,,,,,0.1,0.1,1400000US28049000100,2020-04-13,28,049,000100
,,,,,,,48.7,22.0,,,,,,,,,0.3,0.1,1400000US28093950301,2020-04-13,28,093,950301
,,,,,,,46.9,19.2,,,,,,,,,0.1,0.0,1400000US28093950302,2020-04-13,28,093,950302
,,,,,,,47.9,20.7,,,,,,,,,0.3,0.1,1400000US28093950401,2020-04-13,28,093,950401
,,,,,,,46.4,23.0,,,,,,,,,0.2,0.1,1400000US28093950402,2020-04-13,28,093,950402
,,,,,,,46.2,17.4,,,,,,,,,0.3,0.2,1400000US28093950501,2020-04-13,28,093,950501
,,,,,,,48.5,18.5,,,,,,,,,0.2,0.1,1400000US28093950502,2020-04-13,28,093,950502
,,,,,,,53.3,17.2,,,,,,,,,0.3,0.0,1400000US28095950101,2020-04-13,28,095,950101
,,,,,,,58.5,20.0,,,,,,,,,0.2,0.2,1400000US28095950102,2020-04-13,28,095,950102
,,,,,,,49.5,18.0,,,,,,,,,0.1,0.0,1400000US28095950201,2020-04-13,28,095,950201
,,,,,,,50.3,49.3,,,,,,,,,0.4,0.2,1400000US28095950300,2020-04-13,28,095,950300
,,,,,,,52.9,22.7,,,,,,,,,0.2,0.0,1400000US28095950400,2020-04-13,28,095,950400
,,,,,,,47.3,19.7,,,,,,,,,0.0,0.0,1400000US28095950700,2020-04-13,28,095,950700
,,,,,,,43.8,20.5,,,,,,,,,0.4,0.1,1400000US28095950800,2020-04-13,28,095,950800
,,,,,,,44.3,16.6,,,,,,,,,0.2,0.0,1400000US28097950200,2020-04-13,28,097,950200
,,,,,,,49.7,20.9,,,,,,,,,0.2,0.1,1400000US28097950302,2020-04-13,28,097,950302
,,,,,,,52.9,19.6,,,,,,,,,0.3,0.1,1400000US28099010101,2020-04-13,28,099,010101
,,,,,,,46.3,14.7,,,,,,,,,0.0,0.0,1400000US28099010200,2020-04-13,28,099,010200
,,,,,,,49.4,19.1,,,,,,,,,0.1,0.0,1400000US28099010400,2020-04-13,28,099,010400
,,,,,,,45.3,16.2,,,,,,,,,0.2,0.2,1400000US28099010600,2020-04-13,28,099,010600
,,,,,,,32.2,16.9,,,,,,,,,0.1,0.1,1400000US28099940100,2020-04-13,28,099,940100
,,,,,,,50.1,16.3,,,,,,,,,0.1,0.1,1400000US28101050100,2020-04-13,28,101,050100
,,,,,,,46.0,19.9,,,,,,,,,0.1,0.1,1400000US28101050301,2020-04-13,28,101,050301
,,,,,,,48.3,17.5,,,,,,,,,0.1,0.0,1400000US28101050400,2020-04-13,28,101,050400
,,,,,,,54.2,23.2,,,,,,,,,0.0,0.0,1400000US28101050500,2020-04-13,28,101,050500
,,,,,,,28.3,13.6,,,,,,,,,0.1,0.1,1400000US28103950200,2020-04-13,28,103,950200
,,,,,,,46.6,24.0,,,,,,,,,0.1,0.1,1400000US28103950300,2020-04-13,28,103,950300
,,,,,,,29.4,28.9,,,,,,,,,0.1,0.1,1400000US28105950102,2020-04-13,28,105,950102
,,,,,,,33.9,33.1,,,,,,,,,0.1,0.1,1400000US28105950202,2020-04-13,28,105,950202
,,,,,,,56.1,35.6,,,,,,,,,0.1,0.1,1400000US28105950300,2020-04-13,28,105,950300
,,,,,,,41.5,40.4,,,,,,,,,0.1,0.1,1400000US28105950402,2020-04-13,28,105,950402
,,,,,,,42.8,41.8,,,,,,,,,0.1,0.1,1400000US28105950500,2020-04-13,28,105,950500
,,,,,,,48.9,48.0,,,,,,,,,0.4,0.4,1400000US28105950603,2020-04-13,28,105,950603
,,,,,,,48.4,25.4,,,,,,,,,0.1,0.0,1400000US28105950701,2020-04-13,28,105,950701
,,,,,,,45.2,20.3,,,,,,,,,0.1,0.0,1400000US28105950702,2020-04-13,28,105,950702
,,,,,,,40.1,16.5,,,,,,,,,0.3,0.0,1400000US28107950102,2020-04-13,28,107,950102
,,,,,,,55.9,21.5,,,,,,,,,0.0,0.0,1400000US28107950202,2020-04-13,28,107,950202
,,,,,,,41.1,15.8,,,,,,,,,0.3,0.1,1400000US28107950301,2020-04-13,28,107,950301
,,,,,,,46.6,19.4,,,,,,,,,0.2,0.0,1400000US28107950400,2020-04-13,28,107,950400
,,,,,,,44.2,19.7,,,,,,,,,0.1,0.1,1400000US28107950501,2020-04-13,28,107,950501
,,,,,,,59.8,28.0,,,,,,,,,0.2,0.1,1400000US28107950601,2020-04-13,28,107,950601
,,,,,,,41.6,15.8,,,,,,,,,0.2,0.1,1400000US28109950101,2020-04-13,28,109,950101
,,,,,,,41.6,14.5,,,,,,,,,0.1,0.0,1400000US28109950102,2020-04-13,28,109,950102
,,,,,,,57.6,57.1,,,,,,,,,0.2,0.2,1400000US28049000200,2020-04-13,28,049,000200
,,,,,,,38.8,25.2,,,,,,,,,0.1,0.1,1400000US28049000301,2020-04-13,28,049,000301
,,,,,,,40.5,27.0,,,,,,,,,0.3,0.2,1400000US28049000302,2020-04-13,28,049,000302
,,,,,,,50.7,49.6,,,,,,,,,0.1,0.1,1400000US28049000400,2020-04-13,28,049,000400
,,,,,,,55.1,26.6,,,,,,,,,0.3,0.1,1400000US28049000500,2020-04-13,28,049,000500
,,,,,,,47.8,22.5,,,,,,,,,0.1,0.0,1400000US28049000600,2020-04-13,28,049,000600
,,,,,,,53.3,30.0,,,,,,,,,0.1,0.1,1400000US28049000700,2020-04-13,28,049,000700
,,,,,,,45.6,22.2,,,,,,,,,0.3,0.1,1400000US28049000900,2020-04-13,28,049,000900
,,,,,,,42.0,16.6,,,,,,,,,0.3,0.1,1400000US28049001100,2020-04-13,28,049,001100
,,,,,,,44.2,22.4,,,,,,,,,0.0,0.0,1400000US28049001200,2020-04-13,28,049,001200
,,,,,,,57.0,56.4,,,,,,,,,0.2,0.2,1400000US28049001400,2020-04-13,28,049,001400
,,,,,,,51.7,51.4,,,,,,,,,0.1,0.1,1400000US28049001500,2020-04-13,28,049,001500
,,,,,,,37.4,19.8,,,,,,,,,0.2,0.1,1400000US28049002100,2020-04-13,28,049,002100
,,,,,,,49.2,30.2,,,,,,,,,0.1,0.0,1400000US28049002300,2020-04-13,28,049,002300
,,,,,,,43.6,22.5,,,,,,,,,0.0,0.0,1400000US28049002400,2020-04-13,28,049,002400
,,,,,,,22.9,20.9,,,,,,,,,0.0,0.0,1400000US28049002700,2020-04-13,28,049,002700
,,,,,,,36.1,20.8,,,,,,,,,0.2,0.0,1400000US28049003000,2020-04-13,28,049,003000
,,,,,,,44.4,26.9,,,,,,,,,0.3,0.1,1400000US28049003300,2020-04-13,28,049,003300
,,,,,,,39.8,25.1,,,,,,,,,0.2,0.1,1400000US28049003500,2020-04-13,28,049,003500
,,,,,,,51.3,32.2,,,,,,,,,0.0,0.0,1400000US28049003600,2020-04-13,28,049,003600
,,,,,,,39.3,24.6,,,,,,,,,0.1,0.1,1400000US28049003800,2020-04-13,28,049,003800
,,,,,,,55.3,53.8,,,,,,,,,0.2,0.2,1400000US28049010102,2020-04-13,28,049,010102
,,,,,,,51.1,50.2,,,,,,,,,0.0,0.0,1400000US28049010104,2020-04-13,28,049,010104
,,,,,,,65.7,33.7,,,,,,,,,0.2,0.1,1400000US28049010202,2020-04-13,28,049,010202
,,,,,,,61.0,32.6,,,,,,,,,0.3,0.0,1400000US28049010203,2020-04-13,28,049,010203
,,,,,,,65.9,64.8,,,,,,,,,0.1,0.0,1400000US28049010304,2020-04-13,28,049,010304
,,,,,,,56.0,55.0,,,,,,,,,0.2,0.2,1400000US28049010305,2020-04-13,28,049,010305
,,,,,,,56.5,55.0,,,,,,,,,0.2,0.2,1400000US28049010501,2020-04-13,28,049,010501
,,,,,,,52.2,23.7,,,,,,,,,0.3,0.2,1400000US28049010600,2020-04-13,28,049,010600
,,,,,,,66.4,66.0,,,,,,,,,0.3,0.3,1400000US28049010805,2020-04-13,28,049,010805
,,,,,,,56.5,55.9,,,,,,,,,0.1,0.1,1400000US28049010807,2020-04-13,28,049,010807
,,,,,,,64.0,33.1,,,,,,,,,0.2,0.0,1400000US28049010809,2020-04-13,28,049,010809
,,,,,,,47.8,27.2,,,,,,,,,0.2,0.2,1400000US28049010901,2020-04-13,28,049,010901
,,,,,,,45.9,29.6,,,,,,,,,0.2,0.1,1400000US28049011001,2020-04-13,28,049,011001
,,,,,,,55.9,36.0,,,,,,,,,0.1,0.1,1400000US28049011002,2020-04-13,28,049,011002
,,,,,,,51.1,50.3,,,,,,,,,0.2,0.2,1400000US28049011103,2020-04-13,28,049,011103
,,,,,,,58.7,57.6,,,,,,,,,0.2,0.2,1400000US28049011105,2020-04-13,28,049,011105
,,,,,,,54.9,25.3,,,,,,,,,0.1,0.0,1400000US28049011201,2020-04-13,28,049,011201
,,,,,,,48.6,47.3,,,,,,,,,0.3,0.3,1400000US28049011204,2020-04-13,28,049,011204
,,,,,,,52.6,22.6,,,,,,,,,0.3,0.0,1400000US28049011300,2020-04-13,28,049,011300
,,,,,,,30.7,13.6,,,,,,,,,0.2,0.1,1400000US28049011500,2020-04-13,28,049,011500
,,,,,,,42.5,19.5,,,,,,,,,0.0,0.0,1400000US28051950100,2020-04-13,28,051,950100
,,,,,,,46.4,22.3,,,,,,,,,0.1,0.0,1400000US28051950200,2020-04-13,28,051,950200
,,,,,,,42.0,19.3,,,,,,,,,0.1,0.0,1400000US28051950400,2020-04-13,28,051,950400
,,,,,,,42.6,16.8,,,,,,,,,0.3,0.2,1400000US28109950202,2020-04-13,28,109,950202
,,,,,,,44.3,18.1,,,,,,,,,0.1,0.1,1400000US28109950403,2020-04-13,28,109,950403
,,,,,,,44.4,18.3,,,,,,,,,0.3,0.1,1400000US28109950404,2020-04-13,28,109,950404
,,,,,,,36.8,36.2,,,,,,,,,0.1,0.1,1400000US28109950406,2020-04-13,28,109,950406
,,,,,,,47.0,19.6,,,,,,,,,0.1,0.0,1400000US28109950504,2020-04-13,28,109,950504
,,,,,,,43.6,19.5,,,,,,,,,0.4,0.0,1400000US28109950505,2020-04-13,28,109,950505
,,,,,,,59.8,25.0,,,,,,,,,0.4,0.2,1400000US28109950506,2020-04-13,28,109,950506
,,,,,,,39.3,38.2,,,,,,,,,0.0,0.0,1400000US28109950600,2020-04-13,28,109,950600
,,,,,,,40.4,19.1,,,,,,,,,0.2,0.1,1400000US28109950701,2020-04-13,28,109,950701
,,,,,,,41.4,19.0,,,,,,,,,0.3,0.2,1400000US28109950702,2020-04-13,28,109,950702
,,,,,,,37.8,14.4,,,,,,,,,0.1,0.0,1400000US28111950101,2020-04-13,28,111,950101
,,,,,,,41.7,14.9,,,,,,,,,0.4,0.1,1400000US28111950102,2020-04-13,28,111,950102
,,,,,,,27.9,10.9,,,,,,,,,0.1,0.0,1400000US28111950200,2020-04-13,28,111,950200
,,,,,,,42.5,41.8,,,,,,,,,0.3,0.3,1400000US28113950102,2020-04-13,28,113,950102
,,,,,,,43.4,42.9,,,,,,,,,0.0,0.0,1400000US28113950103,2020-04-13,28,113,950103
,,,,,,,38.1,37.0,,,,,,,,,0.1,0.1,1400000US28113950104,2020-04-13,28,113,950104
,,,,,,,44.8,22.3,,,,,,,,,0.3,0.2,1400000US28113950200,2020-04-13,28,113,950200
,,,,,,,41.2,18.8,,,,,,,,,0.3,0.1,1400000US28113950300,2020-04-13,28,113,950300
,,,,,,,49.0,21.6,,,,,,,,,0.2,0.1,1400000US28113950400,2020-04-13,28,113,950400
,,,,,,,46.9,24.6,,,,,,,,,0.2,0.1,1400000US28113950501,2020-04-13,28,113,950501
,,,,,,,43.5,21.0,,,,,,,,,0.1,0.1,1400000US28113950502,2020-04-13,28,113,950502
,,,,,,,39.7,17.5,,,,,,,,,0.1,0.1,1400000US28113950601,2020-04-13,28,113,950601
,,,,,,,39.2,15.2,,,,,,,,,0.3,0.2,1400000US28113950602,2020-04-13,28,113,950602
,,,,,,,48.2,18.7,,,,,,,,,0.1,0.0,1400000US28115950101,2020-04-13,28,115,950101
,,,,,,,46.5,18.3,,,,,,,,,0.2,0.1,1400000US28115950102,2020-04-13,28,115,950102
,,,,,,,44.7,43.6,,,,,,,,,0.3,0.3,1400000US28115950300,2020-04-13,28,115,950300
,,,,,,,47.6,17.5,,,,,,,,,0.2,0.1,1400000US28115950500,2020-04-13,28,115,950500
,,,,,,,53.8,19.3,,,,,,,,,0.1,0.0,1400000US28117950101,2020-04-13,28,117,950101
,,,,,,,48.4,16.2,,,,,,,,,0.3,0.1,1400000US28117950201,2020-04-13,28,117,950201
,,,,,,,43.4,16.3,,,,,,,,,0.3,0.1,1400000US28117950301,2020-04-13,28,117,950301
,,,,,,,55.2,24.2,,,,,,,,,0.5,0.4,1400000US28117950302,2020-04-13,28,117,950302
,,,,,,,47.3,19.1,,,,,,,,,0.3,0.1,1400000US28117950500,2020-04-13,28,117,950500
,,,,,,,44.1,18.5,,,,,,,,,0.1,0.1,1400000US28119950200,2020-04-13,28,119,950200
,,,,,,,27.2,13.6,,,,,,,,,0.1,0.0,1400000US28119950300,2020-04-13,28,119,950300
,,,,,,,61.8,61.3,,,,,,,,,0.3,0.3,1400000US28121020103,2020-04-13,28,121,020103
,,,,,,,57.4,56.9,,,,,,,,,0.2,0.2,1400000US28121020104,2020-04-13,28,121,020104
,,,,,,,64.1,63.2,,,,,,,,,0.2,0.2,1400000US28121020208,2020-04-13,28,121,020208
,,,,,,,59.1,58.9,,,,,,,,,0.2,0.2,1400000US28121020210,2020-04-13,28,121,020210
,,,,,,,56.4,56.1,,,,,,,,,0.3,0.3,1400000US28121020212,2020-04-13,28,121,020212
,,,,,,,59.3,59.0,,,,,,,,,0.2,0.2,1400000US28121020214,2020-04-13,28,121,020214
,,,,,,,58.7,58.4,,,,,,,,,0.2,0.2,1400000US28121020215,2020-04-13,28,121,020215
,,,,,,,34.8,34.2,,,,,,,,,0.0,0.0,1400000US28121020217,2020-04-13,28,121,020217
,,,,,,,34.2,22.8,,,,,,,,,0.1,0.1,1400000US28051950501,2020-04-13,28,051,950501
,,,,,,,49.5,23.0,,,,,,,,,0.1,0.0,1400000US28053950100,2020-04-13,28,053,950100
,,,,,,,30.4,15.4,,,,,,,,,0.2,0.2,1400000US28053950200,2020-04-13,28,053,950200
,,,,,,,53.4,26.0,,,,,,,,,0.3,0.2,1400000US28053950300,2020-04-13,28,053,950300
,,,,,,,22.5,11.0,,,,,,,,,0.2,0.2,1400000US28055950100,2020-04-13,28,055,950100
,,,,,,,40.3,39.5,,,,,,,,,0.3,0.3,1400000US28057950100,2020-04-13,28,057,950100
,,,,,,,54.1,17.1,,,,,,,,,0.5,0.3,1400000US28057950201,2020-04-13,28,057,950201
,,,,,,,56.2,24.1,,,,,,,,,0.4,0.2,1400000US28057950202,2020-04-13,28,057,950202
,,,,,,,47.1,19.9,,,,,,,,,0.1,0.1,1400000US28057950300,2020-04-13,28,057,950300
,,,,,,,54.7,19.8,,,,,,,,,0.1,0.1,1400000US28057950400,2020-04-13,28,057,950400
,,,,,,,51.2,18.3,,,,,,,,,0.3,0.1,1400000US28057950500,2020-04-13,28,057,950500
,,,,,,,48.2,47.7,,,,,,,,,0.4,0.4,1400000US28059040103,2020-04-13,28,059,040103
,,,,,,,45.4,44.9,,,,,,,,,0.1,0.1,1400000US28059040104,2020-04-13,28,059,040104
,,,,,,,53.6,21.6,,,,,,,,,0.1,0.0,1400000US28059040105,2020-04-13,28,059,040105
,,,,,,,52.2,24.5,,,,,,,,,0.1,0.1,1400000US28059040106,2020-04-13,28,059,040106
,,,,,,,55.0,54.6,,,,,,,,,0.2,0.2,1400000US28059040203,2020-04-13,28,059,040203
,,,,,,,45.7,45.3,,,,,,,,,0.1,0.1,1400000US28059040205,2020-04-13,28,059,040205
,,,,,,,48.2,47.5,,,,,,,,,0.2,0.2,1400000US28059040206,2020-04-13,28,059,040206
,,,,,,,56.2,56.0,,,,,,,,,0.2,0.2,1400000US28059040208,2020-04-13,28,059,040208
,,,,,,,55.2,26.9,,,,,,,,,0.2,0.0,1400000US28059040301,2020-04-13,28,059,040301
,,,,,,,55.7,54.8,,,,,,,,,0.2,0.2,1400000US28059040401,2020-04-13,28,059,040401
,,,,,,,54.4,53.9,,,,,,,,,0.2,0.2,1400000US28059040402,2020-04-13,28,059,040402
,,,,,,,58.1,57.6,,,,,,,,,0.2,0.2,1400000US28059040600,2020-04-13,28,059,040600
,,,,,,,55.3,54.7,,,,,,,,,0.2,0.2,1400000US28059040702,2020-04-13,28,059,040702
,,,,,,,48.1,25.6,,,,,,,,,0.5,0.2,1400000US28059040801,2020-04-13,28,059,040801
,,,,,,,55.6,55.2,,,,,,,,,0.3,0.3,1400000US28059040901,2020-04-13,28,059,040901
,,,,,,,58.5,58.1,,,,,,,,,0.1,0.1,1400000US28059040903,2020-04-13,28,059,040903
,,,,,,,45.0,21.4,,,,,,,,,0.4,0.3,1400000US28059041001,2020-04-13,28,059,041001
,,,,,,,53.3,51.3,,,,,,,,,0.0,0.0,1400000US28059041101,2020-04-13,28,059,041101
,,,,,,,50.7,49.8,,,,,,,,,0.3,0.3,1400000US28059041102,2020-04-13,28,059,041102
,,,,,,,41.2,39.3,,,,,,,,,0.1,0.1,1400000US28059041302,2020-04-13,28,059,041302
,,,,,,,45.2,18.2,,,,,,,,,0.0,0.0,1400000US28059041500,2020-04-13,28,059,041500
,,,,,,,46.0,21.6,,,,,,,,,0.4,0.2,1400000US28059041600,2020-04-13,28,059,041600
,,,,,,,53.2,24.3,,,,,,,,,0.4,0.1,1400000US28059041800,2020-04-13,28,059,041800
,,,,,,,44.9,25.0,,,,,,,,,0.0,0.0,1400000US28059042000,2020-04-13,28,059,042000
,,,,,,,41.3,21.2,,,,,,,,,0.3,0.0,1400000US28059042100,2020-04-13,28,059,042100
,,,,,,,44.9,23.3,,,,,,,,,0.5,0.1,1400000US28059042202,2020-04-13,28,059,042202
,,,,,,,43.6,42.9,,,,,,,,,0.1,0.1,1400000US28059042500,2020-04-13,28,059,042500
,,,,,,,39.3,19.6,,,,,,,,,0.0,0.0,1400000US28059042700,2020-04-13,28,059,042700
,,,,,,,23.7,10.2,,,,,,,,,0.2,0.1,1400000US28061950101,2020-04-13,28,061,950101
,,,,,,,17.6,10.3,,,,,,,,,0.0,0.0,1400000US28061950200,2020-04-13,28,061,950200
,,,,,,,34.6,11.0,,,,,,,,,0.2,0.2,1400000US28061950302,2020-04-13,28,061,950302
,,,,,,,51.1,50.5,,,,,,,,,0.1,0.1,1400000US28121020219,2020-04-13,28,121,020219
,,,,,,,58.0,56.9,,,,,,,,,0.3,0.3,1400000US28121020301,2020-04-13,28,121,020301
,,,,,,,40.7,40.2,,,,,,,,,0.4,0.4,1400000US28121020304,2020-04-13,28,121,020304
,,,,,,,47.0,24.8,,,,,,,,,0.2,0.1,1400000US28121020401,2020-04-13,28,121,020401
,,,,,,,10.6,10.6,,,,,,,,,0.0,0.0,1400000US28121020500,2020-04-13,28,121,020500
,,,,,,,50.5,49.4,,,,,,,,,0.0,0.0,1400000US28121020602,2020-04-13,28,121,020602
,,,,,,,62.3,26.0,,,,,,,,,0.0,0.0,1400000US28121020703,2020-04-13,28,121,020703
,,,,,,,62.6,61.6,,,,,,,,,0.3,0.3,1400000US28121020801,2020-04-13,28,121,020801
,,,,,,,41.9,40.3,,,,,,,,,0.3,0.3,1400000US28121020803,2020-04-13,28,121,020803
,,,,,,,36.0,35.2,,,,,,,,,0.2,0.2,1400000US28121020805,2020-04-13,28,121,020805
,,,,,,,54.3,23.5,,,,,,,,,0.3,0.0,1400000US28121020901,2020-04-13,28,121,020901
,,,,,,,51.7,22.7,,,,,,,,,0.3,0.2,1400000US28121020902,2020-04-13,28,121,020902
,,,,,,,50.5,22.9,,,,,,,,,0.2,0.1,1400000US28121021003,2020-04-13,28,121,021003
,,,,,,,43.1,42.1,,,,,,,,,0.4,0.4,1400000US28121021005,2020-04-13,28,121,021005
,,,,,,,64.7,64.7,,,,,,,,,2.9,2.9,1400000US28121980000,2020-04-13,28,121,980000
,,,,,,,44.2,15.9,,,,,,,,,0.1,0.1,1400000US28123020102,2020-04-13,28,123,020102
,,,,,,,45.6,17.4,,,,,,,,,0.0,0.0,1400000US28123020200,2020-04-13,28,123,020200
,,,,,,,47.1,17.7,,,,,,,,,0.3,0.1,1400000US28123020302,2020-04-13,28,123,020302
,,,,,,,42.6,18.5,,,,,,,,,0.6,0.3,1400000US28123020400,2020-04-13,28,123,020400
,,,,,,,50.2,25.8,,,,,,,,,0.2,0.1,1400000US28125950200,2020-04-13,28,125,950200
,,,,,,,45.7,18.0,,,,,,,,,0.3,0.1,1400000US28127950101,2020-04-13,28,127,950101
,,,,,,,51.6,21.5,,,,,,,,,0.0,0.0,1400000US28127950102,2020-04-13,28,127,950102
,,,,,,,40.3,18.6,,,,,,,,,0.1,0.1,1400000US28127950200,2020-04-13,28,127,950200
,,,,,,,46.8,19.7,,,,,,,,,0.2,0.1,1400000US28127950301,2020-04-13,28,127,950301
,,,,,,,43.9,19.0,,,,,,,,,0.2,0.1,1400000US28127950302,2020-04-13,28,127,950302
,,,,,,,45.9,16.8,,,,,,,,,0.2,0.2,1400000US28127950401,2020-04-13,28,127,950401
,,,,,,,44.1,17.0,,,,,,,,,0.2,0.0,1400000US28127950402,2020-04-13,28,127,950402
,,,,,,,47.9,20.2,,,,,,,,,0.1,0.1,1400000US28127950403,2020-04-13,28,127,950403
,,,,,,,44.7,20.5,,,,,,,,,0.1,0.0,1400000US28127950500,2020-04-13,28,127,950500
,,,,,,,40.9,13.9,,,,,,,,,0.2,0.0,1400000US28129950100,2020-04-13,28,129,950100
,,,,,,,37.7,13.9,,,,,,,,,0.2,0.1,1400000US28129950201,2020-04-13,28,129,950201
,,,,,,,26.4,9.3,,,,,,,,,0.0,0.0,1400000US28129950202,2020-04-13,28,129,950202
,,,,,,,28.3,11.2,,,,,,,,,0.1,0.1,1400000US28129950301,2020-04-13,28,129,950301
,,,,,,,37.2,12.5,,,,,,,,,0.1,0.0,1400000US28129950302,2020-04-13,28,129,950302
,,,,,,,51.3,23.8,,,,,,,,,0.3,0.0,1400000US28131020100,2020-04-13,28,131,020100
,,,,,,,48.4,21.3,,,,,,,,,0.2,0.1,1400000US28131020203,2020-04-13,28,131,020203
,,,,,,,47.4,18.1,,,,,,,,,0.2,0.1,1400000US28131020204,2020-04-13,28,131,020204
,,,,,,,41.0,17.3,,,,,,,,,0.1,0.0,1400000US28131020206,2020-04-13,28,131,020206
,,,,,,,47.0,23.7,,,,,,,,,0.1,0.1,1400000US28133950200,2020-04-13,28,133,950200
,,,,,,,40.2,21.4,,,,,,,,,0.1,0.0,1400000US28133950300,2020-04-13,28,133,950300
,,,,,,,55.7,30.7,,,,,,,,,0.3,0.1,1400000US28133950402,2020-04-13,28,133,950402
,,,,,,,25.8,19.7,,,,,,,,,0.2,0.2,1400000US28133950500,2020-04-13,28,133,950500
,,,,,,,28.4,10.3,,,,,,,,,0.1,0.0,1400000US28135950100,2020-04-13,28,135,950100
,,,,,,,9.8,6.3,,,,,,,,,0.0,0.0,1400000US28135950300,2020-04-13,28,135,950300
,,,,,,,52.9,20.1,,,,,,,,,0.4,0.2,1400000US28137950100,2020-04-13,28,137,950100
,,,,,,,58.0,26.4,,,,,,,,,0.2,0.2,1400000US28137950201,2020-04-13,28,137,950201
,,,,,,,45.5,20.4,,,,,,,,,0.3,0.2,1400000US28137950301,2020-04-13,28,137,950301
,,,,,,,53.9,24.7,,,,,,,,,0.2,0.0,1400000US28137950302,2020-04-13,28,137,950302
,,,,,,,44.7,15.4,,,,,,,,,0.2,0.0,1400000US28139950100,2020-04-13,28,139,950100
,,,,,,,46.0,15.1,,,,,,,,,0.3,0.0,1400000US28139950201,2020-04-13,28,139,950201
,,,,,,,44.8,16.8,,,,,,,,,0.1,0.0,1400000US28139950300,2020-04-13,28,139,950300
,,,,,,,41.5,15.5,,,,,,,,,0.3,0.0,1400000US28139950402,2020-04-13,28,139,950402
,,,,,,,26.2,8.0,,,,,,,,,0.1,0.0,1400000US28141950101,2020-04-13,28,141,950101
,,,,,,,48.3,17.7,,,,,,,,,0.1,0.0,1400000US28141950200,2020-04-13,28,141,950200
,,,,,,,42.1,11.9,,,,,,,,,0.4,0.2,1400000US28141950302,2020-04-13,28,141,950302
,,,,,,,44.7,15.1,,,,,,,,,0.2,0.1,1400000US28141950401,2020-04-13,28,141,950401
,,,,,,,39.8,21.1,,,,,,,,,0.3,0.1,1400000US28143950101,2020-04-13,28,143,950101
,,,,,,,28.4,18.9,,,,,,,,,0.1,0.1,1400000US28143950102,2020-04-13,28,143,950102
,,,,,,,54.0,20.1,,,,,,,,,0.1,0.0,1400000US28145950200,2020-04-13,28,145,950200
,,,,,,,55.6,24.1,,,,,,,,,0.2,0.1,1400000US28145950300,2020-04-13,28,145,950300
,,,,,,,54.3,19.0,,,,,,,,,0.5,0.1,1400000US28145950500,2020-04-13,28,145,950500
,,,,,,,46.3,45.3,,,,,,,,,0.2,0.2,1400000US28145950600,2020-04-13,28,145,950600
,,,,,,,43.4,17.2,,,,,,,,,0.1,0.1,1400000US28147950102,2020-04-13,28,147,950102
,,,,,,,44.6,15.0,,,,,,,,,0.2,0.1,1400000US28147950301,2020-04-13,28,147,950301
,,,,,,,43.2,15.1,,,,,,,,,0.1,0.0,1400000US28147950302,2020-04-13,28,147,950302
,,,,,,,53.1,25.8,,,,,,,,,0.3,0.1,1400000US28149950102,2020-04-13,28,149,950102
,,,,,,,38.5,20.7,,,,,,,,,0.1,0.0,1400000US28149950300,2020-04-13,28,149,950300
,,,,,,,45.9,22.8,,,,,,,,,0.2,0.1,1400000US28149950400,2020-04-13,28,149,950400
,,,,,,,55.1,53.4,,,,,,,,,0.4,0.3,1400000US28149950600,2020-04-13,28,149,950600
,,,,,,,42.9,21.9,,,,,,,,,0.3,0.2,1400000US28149950700,2020-04-13,28,149,950700
,,,,,,,52.7,52.1,,,,,,,,,0.2,0.2,1400000US28149951101,2020-04-13,28,149,951101
,,,,,,,49.1,24.9,,,,,,,,,0.1,0.1,1400000US28149951102,2020-04-13,28,149,951102
,,,,,,,31.2,19.7,,,,,,,,,0.1,0.0,1400000US28151000200,2020-04-13,28,151,000200
,,,,,,,36.9,18.5,,,,,,,,,0.2,0.1,1400000US28151000400,2020-04-13,28,151,000400
,,,,,,,41.6,18.3,,,,,,,,,0.3,0.1,1400000US28151000600,2020-04-13,28,151,000600
,,,,,,,53.5,28.4,,,,,,,,,0.1,0.1,1400000US28151000702,2020-04-13,28,151,000702
,,,,,,,57.9,27.9,,,,,,,,,0.1,0.1,1400000US28151000800,2020-04-13,28,151,000800
,,,,,,,50.8,25.6,,,,,,,,,0.2,0.1,1400000US28151000900,2020-04-13,28,151,000900
,,,,,,,38.3,19.0,,,,,,,,,0.3,0.2,1400000US28151001000,2020-04-13,28,151,001000
,,,,,,,38.0,16.5,,,,,,,,,0.4,0.1,1400000US28151001100,2020-04-13,28,151,001100
,,,,,,,45.8,18.5,,,,,,,,,0.4,0.1,1400000US28151001200,2020-04-13,28,151,001200
,,,,,,,45.0,20.9,,,,,,,,,0.2,0.0,1400000US28151001300,2020-04-13,28,151,001300
,,,,,,,56.7,28.6,,,,,,,,,0.1,0.0,1400000US28151001400,2020-04-13,28,151,001400
,,,,,,,36.4,17.2,,,,,,,,,0.2,0.0,1400000US28151001500,2020-04-13,28,151,001500
,,,,,,,50.1,27.1,,,,,,,,,0.9,0.4,1400000US28151001600,2020-04-13,28,151,001600
,,,,,,,50.5,24.2,,,,,,,,,0.2,0.2,1400000US28151001700,2020-04-13,28,151,001700
,,,,,,,45.2,20.1,,,,,,,,,0.2,0.0,1400000US28151002000,2020-04-13,28,151,002000
,,,,,,,40.5,22.4,,,,,,,,,0.2,0.2,1400000US28151002100,2020-04-13,28,151,002100
,,,,,,,47.5,17.4,,,,,,,,,0.1,0.0,1400000US28153950101,2020-04-13,28,153,950101
,,,,,,,48.8,21.4,,,,,,,,,0.1,0.1,1400000US28153950102,2020-04-13,28,153,950102
,,,,,,,45.0,13.0,,,,,,,,,0.2,0.0,1400000US28153950301,2020-04-13,28,153,950301
,,,,,,,45.8,15.5,,,,,,,,,0.2,0.1,1400000US28153950302,2020-04-13,28,153,950302
,,,,,,,40.7,14.4,,,,,,,,,0.1,0.1,1400000US28153950402,2020-04-13,28,153,950402
,,,,,,,42.4,14.0,,,,,,,,,0.1,0.0,1400000US28155950200,2020-04-13,28,155,950200
,,,,,,,44.9,17.4,,,,,,,,,0.2,0.0,1400000US28155950300,2020-04-13,28,155,950300
,,,,,,,15.2,9.4,,,,,,,,,0.0,0.0,1400000US28157950201,2020-04-13,28,157,950201
,,,,,,,51.1,16.8,,,,,,,,,0.2,0.1,1400000US28159950100,2020-04-13,28,159,950100
,,,,,,,49.4,15.8,,,,,,,,,0.1,0.0,1400000US28159950200,2020-04-13,28,159,950200
,,,,,,,56.8,24.8,,,,,,,,,0.1,0.0,1400000US28159950400,2020-04-13,28,159,950400
,,,,,,,48.6,17.5,,,,,,,,,0.3,0.1,1400000US28159950500,2020-04-13,28,159,950500
,,,,,,,51.3,22.0,,,,,,,,,0.2,0.0,1400000US28161950200,2020-04-13,28,161,950200
,,,,,,,46.6,15.1,,,,,,,,,0.2,0.1,1400000US28161950302,2020-04-13,28,161,950302
,,,,,,,46.8,18.6,,,,,,,,,0.2,0.0,1400000US28163950100,2020-04-13,28,163,950100
,,,,,,,54.5,29.4,,,,,,,,,0.1,0.0,1400000US28163950300,2020-04-13,28,163,950300
,,,,,,,36.3,14.0,,,,,,,,,0.0,0.0,1400000US28163950400,2020-04-13,28,163,950400
,,,,,,,47.8,17.9,,,,,,,,,0.1,0.0,1400000US28163950601,2020-04-13,28,163,950601
,,,,,,,20.7,13.6,,,,,,,,,0.2,0.2,1400000US28011950200,2020-04-13,28,011,950200
,,,,,,,46.3,23.4,,,,,,,,,0.0,0.0,1400000US28011950500,2020-04-13,28,011,950500
,,,,,,,49.3,48.9,,,,,,,,,0.2,0.2,1400000US28011950602,2020-04-13,28,011,950602
,,,,,,,43.7,15.1,,,,,,,,,0.1,0.0,1400000US28013950100,2020-04-13,28,013,950100
,,,,,,,44.7,13.9,,,,,,,,,0.2,0.1,1400000US28013950400,2020-04-13,28,013,950400
,,,,,,,32.8,13.4,,,,,,,,,0.2,0.0,1400000US28015950100,2020-04-13,28,015,950100
,,,,,,,45.7,16.8,,,,,,,,,0.3,0.2,1400000US28017950100,2020-04-13,28,017,950100
,,,,,,,52.5,21.1,,,,,,,,,0.2,0.1,1400000US28017950300,2020-04-13,28,017,950300
,,,,,,,46.1,12.4,,,,,,,,,0.0,0.0,1400000US28019950100,2020-04-13,28,019,950100
,,,,,,,41.8,19.7,,,,,,,,,0.2,0.1,1400000US28019950300,2020-04-13,28,019,950300
,,,,,,,42.4,22.9,,,,,,,,,0.1,0.0,1400000US28021950300,2020-04-13,28,021,950300
,,,,,,,42.2,18.3,,,,,,,,,0.0,0.0,1400000US28023950201,2020-04-13,28,023,950201
,,,,,,,47.8,17.8,,,,,,,,,0.3,0.1,1400000US28023950400,2020-04-13,28,023,950400
,,,,,,,51.2,25.6,,,,,,,,,0.2,0.0,1400000US28025950300,2020-04-13,28,025,950300
,,,,,,,16.3,11.8,,,,,,,,,0.1,0.0,1400000US28027950100,2020-04-13,28,027,950100
,,,,,,,44.9,21.6,,,,,,,,,0.2,0.0,1400000US28027950300,2020-04-13,28,027,950300
,,,,,,,36.2,19.4,,,,,,,,,0.0,0.0,1400000US28027950600,2020-04-13,28,027,950600
,,,,,,,52.9,24.1,,,,,,,,,0.1,0.1,1400000US28029950101,2020-04-13,28,029,950101
,,,,,,,45.4,19.1,,,,,,,,,0.2,0.1,1400000US28029950300,2020-04-13,28,029,950300
,,,,,,,48.5,18.7,,,,,,,,,0.1,0.0,1400000US28029950502,2020-04-13,28,029,950502
,,,,,,,44.3,18.3,,,,,,,,,0.3,0.0,1400000US28031950100,2020-04-13,28,031,950100
,,,,,,,41.4,15.7,,,,,,,,,0.2,0.1,1400000US28031950401,2020-04-13,28,031,950401
,,,,,,,50.2,49.8,,,,,,,,,0.1,0.1,1400000US28033070221,2020-04-13,28,033,070221
,,,,,,,53.1,52.3,,,,,,,,,0.3,0.3,1400000US28033070322,2020-04-13,28,033,070322
,,,,,,,60.4,60.0,,,,,,,,,0.2,0.2,1400000US28033070722,2020-04-13,28,033,070722
,,,,,,,55.9,55.3,,,,,,,,,0.2,0.2,1400000US28033070811,2020-04-13,28,033,070811
,,,,,,,54.5,53.8,,,,,,,,,0.1,0.1,1400000US28033070822,2020-04-13,28,033,070822
,,,,,,,50.0,49.1,,,,,,,,,0.3,0.3,1400000US28033070900,2020-04-13,28,033,070900
,,,,,,,52.3,51.7,,,,,,,,,0.2,0.2,1400000US28033071121,2020-04-13,28,033,071121
,,,,,,,51.1,50.8,,,,,,,,,0.2,0.2,1400000US28033071123,2020-04-13,28,033,071123
,,,,,,,44.3,43.7,,,,,,,,,0.0,0.0,1400000US28035000200,2020-04-13,28,035,000200
,,,,,,,42.4,23.6,,,,,,,,,0.1,0.0,1400000US28035000601,2020-04-13,28,035,000601
,,,,,,,45.6,45.1,,,,,,,,,0.1,0.1,1400000US28035000700,2020-04-13,28,035,000700
,,,,,,,36.1,35.9,,,,,,,,,0.2,0.2,1400000US28035001000,2020-04-13,28,035,001000
,,,,,,,53.8,53.1,,,,,,,,,0.2,0.2,1400000US28035010101,2020-04-13,28,035,010101
,,,,,,,48.3,47.8,,,,,,,,,0.1,0.1,1400000US28035010201,2020-04-13,28,035,010201
,,,,,,,52.4,27.4,,,,,,,,,0.3,0.1,1400000US28035010400,2020-04-13,28,035,010400
,,,,,,,46.2,19.8,,,,,,,,,0.4,0.0,1400000US28035010601,2020-04-13,28,035,010601
,,,,,,,23.6,11.1,,,,,,,,,0.1,0.0,1400000US28037950101,2020-04-13,28,037,950101
,,,,,,,27.5,12.0,,,,,,,,,0.1,0.0,1400000US28037950200,2020-04-13,28,037,950200
,,,,,,,43.8,18.0,,,,,,,,,0.2,0.0,1400000US28039950200,2020-04-13,28,039,950200
,,,,,,,41.1,15.6,,,,,,,,,0.2,0.1,1400000US28039950304,2020-04-13,28,039,950304
,,,,,,,37.2,14.6,,,,,,,,,0.1,0.1,1400000US28041950102,2020-04-13,28,041,950102
,,,,,,,42.2,16.6,,,,,,,,,0.3,0.2,1400000US28043950101,2020-04-13,28,043,950101
,,,,,,,40.2,15.4,,,,,,,,,0.1,0.1,1400000US28043950201,2020-04-13,28,043,950201
,,,,,,,40.0,18.1,,,,,,,,,0.3,0.1,1400000US28043950400,2020-04-13,28,043,950400
,,,,,,,43.6,17.9,,,,,,,,,0.2,0.1,1400000US28045030102,2020-04-13,28,045,030102
,,,,,,,44.7,20.4,,,,,,,,,0.2,0.2,1400000US28045030202,2020-04-13,28,045,030202
,,,,,,,60.8,27.9,,,,,,,,,0.2,0.0,1400000US28047001205,2020-04-13,28,047,001205
,,,,,,,24.2,23.3,,,,,,,,,0.0,0.0,1400000US28047001301,2020-04-13,28,047,001301
,,,,,,,35.9,35.3,,,,,,,,,0.4,0.4,1400000US28047001402,2020-04-13,28,047,001402
,,,,,,,61.0,60.2,,,,,,,,,0.2,0.2,1400000US28047001504,2020-04-13,28,047,001504
,,,,,,,62.3,29.0,,,,,,,,,0.2,0.0,1400000US28047001600,2020-04-13,28,047,001600
,,,,,,,44.3,26.7,,,,,,,,,0.3,0.1,1400000US28047001702,2020-04-13,28,047,001702
,,,,,,,49.9,23.2,,,,,,,,,0.1,0.1,1400000US28047001900,2020-04-13,28,047,001900
,,,,,,,38.3,20.7,,,,,,,,,0.3,0.2,1400000US28047002002,2020-04-13,28,047,002002
,,,,,,,54.2,27.5,,,,,,,,,0.3,0.0,1400000US28047002402,2020-04-13,28,047,002402
,,,,,,,56.6,55.4,,,,,,,,,0.4,0.4,1400000US28047002701,2020-04-13,28,047,002701
,,,,,,,45.9,45.5,,,,,,,,,0.2,0.2,1400000US28047002801,2020-04-13,28,047,002801
,,,,,,,44.9,43.3,,,,,,,,,0.3,0.3,1400000US28047003001,2020-04-13,28,047,003001
,,,,,,,45.1,42.9,,,,,,,,,0.1,0.1,1400000US28047003103,2020-04-13,28,047,003103
,,,,,,,66.0,65.2,,,,,,,,,0.1,0.0,1400000US28047003106,2020-04-13,28,047,003106
,,,,,,,51.3,50.4,,,,,,,,,0.1,0.0,1400000US28047003209,2020-04-13,28,047,003209
,,,,,,,45.7,44.4,,,,,,,,,0.1,0.1,1400000US28047003211,2020-04-13,28,047,003211
,,,,,,,42.3,41.7,,,,,,,,,0.2,0.2,1400000US28033070101,2020-04-13,28,033,070101
,,,,,,,58.1,57.8,,,,,,,,,0.1,0.1,1400000US28047003216,2020-04-13,28,047,003216
,,,,,,,38.5,38.3,,,,,,,,,0.3,0.3,1400000US28047003306,2020-04-13,28,047,003306
,,,,,,,48.9,48.2,,,,,,,,,0.1,0.1,1400000US28047003308,2020-04-13,28,047,003308
,,,,,,,43.8,42.3,,,,,,,,,0.3,0.3,1400000US28047003311,2020-04-13,28,047,003311
,,,,,,,54.0,53.7,,,,,,,,,0.4,0.4,1400000US28047003403,2020-04-13,28,047,003403
,,,,,,,49.2,48.3,,,,,,,,,0.3,0.3,1400000US28047003406,2020-04-13,28,047,003406
,,,,,,,47.1,46.4,,,,,,,,,0.1,0.1,1400000US28047003409,2020-04-13,28,047,003409
,,,,,,,51.3,50.2,,,,,,,,,0.0,0.0,1400000US28047003507,2020-04-13,28,047,003507
,,,,,,,54.1,53.4,,,,,,,,,0.1,0.1,1400000US28047003510,2020-04-13,28,047,003510
,,,,,,,52.6,26.1,,,,,,,,,0.3,0.1,1400000US28049000800,2020-04-13,28,049,000800
,,,,,,,37.3,17.8,,,,,,,,,0.2,0.1,1400000US28049001000,2020-04-13,28,049,001000
,,,,,,,44.7,44.2,,,,,,,,,0.1,0.1,1400000US28049001300,2020-04-13,28,049,001300
,,,,,,,41.2,25.3,,,,,,,,,0.1,0.0,1400000US28049001600,2020-04-13,28,049,001600
,,,,,,,36.2,20.0,,,,,,,,,0.2,0.1,1400000US28049002200,2020-04-13,28,049,002200
,,,,,,,37.4,20.3,,,,,,,,,0.2,0.2,1400000US28049002500,2020-04-13,28,049,002500
,,,,,,,27.6,14.4,,,,,,,,,0.5,0.2,1400000US28049003200,2020-04-13,28,049,003200
,,,,,,,44.7,29.3,,,,,,,,,0.2,0.2,1400000US28049003400,2020-04-13,28,049,003400
,,,,,,,40.8,25.6,,,,,,,,,0.1,0.1,1400000US28049003700,2020-04-13,28,049,003700
,,,,,,,46.2,45.6,,,,,,,,,0.1,0.1,1400000US28049010103,2020-04-13,28,049,010103
,,,,,,,41.8,26.2,,,,,,,,,0.1,0.1,1400000US28049010201,2020-04-13,28,049,010201
,,,,,,,63.6,29.6,,,,,,,,,0.2,0.2,1400000US28049010301,2020-04-13,28,049,010301
,,,,,,,53.2,52.5,,,,,,,,,0.2,0.2,1400000US28049010400,2020-04-13,28,049,010400
,,,,,,,45.7,44.4,,,,,,,,,0.1,0.1,1400000US28049010502,2020-04-13,28,049,010502
,,,,,,,42.9,23.5,,,,,,,,,0.7,0.2,1400000US28049010801,2020-04-13,28,049,010801
,,,,,,,61.6,60.9,,,,,,,,,0.2,0.2,1400000US28049010806,2020-04-13,28,049,010806
,,,,,,,63.3,34.7,,,,,,,,,0.4,0.2,1400000US28049010808,2020-04-13,28,049,010808
,,,,,,,48.9,26.1,,,,,,,,,0.2,0.1,1400000US28049010902,2020-04-13,28,049,010902
,,,,,,,57.9,32.1,,,,,,,,,0.4,0.3,1400000US28049011101,2020-04-13,28,049,011101
,,,,,,,53.7,52.7,,,,,,,,,0.2,0.2,1400000US28049011104,2020-04-13,28,049,011104
,,,,,,,54.2,53.4,,,,,,,,,0.4,0.4,1400000US28049011203,2020-04-13,28,049,011203
,,,,,,,36.2,19.1,,,,,,,,,0.0,0.0,1400000US28049011400,2020-04-13,28,049,011400
,,,,,,,38.4,19.3,,,,,,,,,0.1,0.0,1400000US28049011600,2020-04-13,28,049,011600
,,,,,,,31.5,20.7,,,,,,,,,0.1,0.1,1400000US28051950300,2020-04-13,28,051,950300
,,,,,,,48.6,22.1,,,,,,,,,0.3,0.2,1400000US28051950502,2020-04-13,28,051,950502
,,,,,,,52.5,52.2,,,,,,,,,0.2,0.2,1400000US28059040207,2020-04-13,28,059,040207
,,,,,,,46.4,27.4,,,,,,,,,0.4,0.3,1400000US28059040302,2020-04-13,28,059,040302
,,,,,,,49.9,49.0,,,,,,,,,0.1,0.1,1400000US28059040500,2020-04-13,28,059,040500
,,,,,,,59.3,59.2,,,,,,,,,0.1,0.1,1400000US28059040701,2020-04-13,28,059,040701
,,,,,,,55.9,29.1,,,,,,,,,0.4,0.2,1400000US28059040802,2020-04-13,28,059,040802
,,,,,,,55.8,55.3,,,,,,,,,0.1,0.1,1400000US28059040902,2020-04-13,28,059,040902
,,,,,,,54.1,29.5,,,,,,,,,0.2,0.0,1400000US28059041002,2020-04-13,28,059,041002
,,,,,,,42.5,41.5,,,,,,,,,0.0,0.0,1400000US28059041301,2020-04-13,28,059,041301
,,,,,,,51.2,49.4,,,,,,,,,0.1,0.1,1400000US28059041400,2020-04-13,28,059,041400
,,,,,,,34.5,34.3,,,,,,,,,0.1,0.0,1400000US28047003214,2020-04-13,28,047,003214
,,,,,,,55.7,25.3,,,,,,,,,0.1,0.0,1400000US28059041700,2020-04-13,28,059,041700
,,,,,,,50.9,22.5,,,,,,,,,0.2,0.0,1400000US28059041900,2020-04-13,28,059,041900
,,,,,,,44.9,23.7,,,,,,,,,0.3,0.1,1400000US28059042201,2020-04-13,28,059,042201
,,,,,,,53.3,52.4,,,,,,,,,0.1,0.1,1400000US28059042600,2020-04-13,28,059,042600
,,,,,,,39.8,38.4,,,,,,,,,0.1,0.1,1400000US28059042900,2020-04-13,28,059,042900
,,,,,,,27.2,8.8,,,,,,,,,0.1,0.1,1400000US28061950102,2020-04-13,28,061,950102
,,,,,,,29.1,13.3,,,,,,,,,0.2,0.1,1400000US28061950301,2020-04-13,28,061,950301
,,,,,,,33.5,13.9,,,,,,,,,0.1,0.1,1400000US28061950402,2020-04-13,28,061,950402
,,,,,,,27.2,14.1,,,,,,,,,0.0,0.0,1400000US28063950103,2020-04-13,28,063,950103
,,,,,,,43.4,17.4,,,,,,,,,0.0,0.0,1400000US28065950101,2020-04-13,28,065,950101
,,,,,,,42.4,15.8,,,,,,,,,0.3,0.1,1400000US28065950202,2020-04-13,28,065,950202
,,,,,,,26.8,12.0,,,,,,,,,0.1,0.1,1400000US28067950102,2020-04-13,28,067,950102
,,,,,,,48.1,19.9,,,,,,,,,0.2,0.0,1400000US28067950301,2020-04-13,28,067,950301
,,,,,,,39.6,38.6,,,,,,,,,0.2,0.2,1400000US28067950402,2020-04-13,28,067,950402
,,,,,,,44.3,22.3,,,,,,,,,0.2,0.1,1400000US28067950601,2020-04-13,28,067,950601
,,,,,,,42.8,15.6,,,,,,,,,0.4,0.0,1400000US28067950801,2020-04-13,28,067,950801
,,,,,,,46.6,46.1,,,,,,,,,0.1,0.1,1400000US28071950404,2020-04-13,28,071,950404
,,,,,,,34.5,34.3,,,,,,,,,0.1,0.1,1400000US28071950504,2020-04-13,28,071,950504
,,,,,,,43.6,42.8,,,,,,,,,0.2,0.2,1400000US28071950507,2020-04-13,28,071,950507
,,,,,,,52.3,52.0,,,,,,,,,0.2,0.2,1400000US28073020203,2020-04-13,28,073,020203
,,,,,,,56.4,56.1,,,,,,,,,0.1,0.1,1400000US28073020205,2020-04-13,28,073,020205
,,,,,,,51.6,51.1,,,,,,,,,0.1,0.1,1400000US28073020304,2020-04-13,28,073,020304
,,,,,,,30.5,30.3,,,,,,,,,0.1,0.1,1400000US28073020307,2020-04-13,28,073,020307
,,,,,,,41.6,18.2,,,,,,,,,0.3,0.1,1400000US28073020401,2020-04-13,28,073,020401
,,,,,,,51.2,24.7,,,,,,,,,0.1,0.1,1400000US28073020502,2020-04-13,28,073,020502
,,,,,,,44.9,20.5,,,,,,,,,0.2,0.2,1400000US28075000300,2020-04-13,28,075,000300
,,,,,,,40.4,16.6,,,,,,,,,0.1,0.0,1400000US28075000402,2020-04-13,28,075,000402
,,,,,,,47.1,17.7,,,,,,,,,0.1,0.0,1400000US28075000800,2020-04-13,28,075,000800
,,,,,,,50.9,24.7,,,,,,,,,0.1,0.0,1400000US28075001000,2020-04-13,28,075,001000
,,,,,,,45.3,18.5,,,,,,,,,0.0,0.0,1400000US28075010203,2020-04-13,28,075,010203
,,,,,,,46.1,45.3,,,,,,,,,0.3,0.3,1400000US28075010205,2020-04-13,28,075,010205
,,,,,,,46.9,45.9,,,,,,,,,0.0,0.0,1400000US28075010303,2020-04-13,28,075,010303
,,,,,,,43.2,14.1,,,,,,,,,0.0,0.0,1400000US28075010400,2020-04-13,28,075,010400
,,,,,,,40.5,39.6,,,,,,,,,0.2,0.2,1400000US28075010601,2020-04-13,28,075,010601
,,,,,,,40.7,14.2,,,,,,,,,0.0,0.0,1400000US28075010700,2020-04-13,28,075,010700
,,,,,,,40.3,18.5,,,,,,,,,0.1,0.0,1400000US28077960200,2020-04-13,28,077,960200
,,,,,,,47.2,16.4,,,,,,,,,0.2,0.1,1400000US28079040100,2020-04-13,28,079,040100
,,,,,,,45.0,17.1,,,,,,,,,0.1,0.0,1400000US28079040500,2020-04-13,28,079,040500
,,,,,,,44.2,19.3,,,,,,,,,0.2,0.1,1400000US28079040700,2020-04-13,28,079,040700
,,,,,,,50.4,21.4,,,,,,,,,0.0,0.0,1400000US28081950202,2020-04-13,28,081,950202
,,,,,,,50.2,23.0,,,,,,,,,0.5,0.3,1400000US28081950301,2020-04-13,28,081,950301
,,,,,,,44.4,20.1,,,,,,,,,0.1,0.0,1400000US28083950200,2020-04-13,28,083,950200
,,,,,,,52.3,51.5,,,,,,,,,0.1,0.1,1400000US28083950600,2020-04-13,28,083,950600
,,,,,,,48.0,21.9,,,,,,,,,0.2,0.1,1400000US28083950800,2020-04-13,28,083,950800
,,,,,,,50.3,20.4,,,,,,,,,0.1,0.0,1400000US28085950201,2020-04-13,28,085,950201
,,,,,,,50.2,21.8,,,,,,,,,0.2,0.1,1400000US28085950301,2020-04-13,28,085,950301
,,,,,,,47.3,18.4,,,,,,,,,0.2,0.0,1400000US28085950402,2020-04-13,28,085,950402
,,,,,,,41.0,19.3,,,,,,,,,0.1,0.1,1400000US28085950602,2020-04-13,28,085,950602
,,,,,,,44.3,43.8,,,,,,,,,0.2,0.2,1400000US28087000103,2020-04-13,28,087,000103
,,,,,,,50.9,49.9,,,,,,,,,0.3,0.3,1400000US28087000302,2020-04-13,28,087,000302
,,,,,,,58.1,28.5,,,,,,,,,0.2,0.1,1400000US28087000405,2020-04-13,28,087,000405
,,,,,,,60.6,30.3,,,,,,,,,0.2,0.1,1400000US28087000500,2020-04-13,28,087,000500
,,,,,,,50.8,21.6,,,,,,,,,0.2,0.1,1400000US28087000800,2020-04-13,28,087,000800
,,,,,,,45.7,24.2,,,,,,,,,0.1,0.1,1400000US28087000902,2020-04-13,28,087,000902
,,,,,,,39.4,39.4,,,,,,,,,0.0,0.0,1400000US28087980000,2020-04-13,28,087,980000
,,,,,,,47.7,47.3,,,,,,,,,0.0,0.0,1400000US28089030107,2020-04-13,28,089,030107
,,,,,,,59.3,58.7,,,,,,,,,0.4,0.4,1400000US28089030109,2020-04-13,28,089,030109
,,,,,,,32.4,31.9,,,,,,,,,0.1,0.1,1400000US28089030112,2020-04-13,28,089,030112
,,,,,,,60.9,60.6,,,,,,,,,0.2,0.2,1400000US28089030203,2020-04-13,28,089,030203
,,,,,,,58.7,57.4,,,,,,,,,0.5,0.5,1400000US28089030206,2020-04-13,28,089,030206
,,,,,,,65.8,65.5,,,,,,,,,0.3,0.3,1400000US28089030301,2020-04-13,28,089,030301
,,,,,,,59.5,59.1,,,,,,,,,0.3,0.3,1400000US28089030401,2020-04-13,28,089,030401
,,,,,,,44.1,24.6,,,,,,,,,0.1,0.0,1400000US28089030501,2020-04-13,28,089,030501
,,,,,,,52.7,29.6,,,,,,,,,0.0,0.0,1400000US28089030600,2020-04-13,28,089,030600
,,,,,,,55.6,29.8,,,,,,,,,0.3,0.2,1400000US28089031100,2020-04-13,28,089,031100
,,,,,,,45.8,20.2,,,,,,,,,0.3,0.1,1400000US28091950300,2020-04-13,28,091,950300
,,,,,,,47.1,15.5,,,,,,,,,0.0,0.0,1400000US28095950202,2020-04-13,28,095,950202
,,,,,,,54.1,18.1,,,,,,,,,0.3,0.1,1400000US28095950501,2020-04-13,28,095,950501
,,,,,,,43.9,16.1,,,,,,,,,0.2,0.0,1400000US28095950600,2020-04-13,28,095,950600
,,,,,,,41.0,15.9,,,,,,,,,0.0,0.0,1400000US28097950100,2020-04-13,28,097,950100
,,,,,,,53.1,22.1,,,,,,,,,0.0,0.0,1400000US28097950301,2020-04-13,28,097,950301
,,,,,,,45.2,17.0,,,,,,,,,0.0,0.0,1400000US28099010102,2020-04-13,28,099,010102
,,,,,,,48.2,20.1,,,,,,,,,0.1,0.0,1400000US28099010500,2020-04-13,28,099,010500
,,,,,,,42.4,14.1,,,,,,,,,0.2,0.2,1400000US28099010700,2020-04-13,28,099,010700
,,,,,,,49.1,17.1,,,,,,,,,0.1,0.1,1400000US28101050200,2020-04-13,28,101,050200
,,,,,,,44.7,17.5,,,,,,,,,0.0,0.0,1400000US28101050302,2020-04-13,28,101,050302
,,,,,,,35.5,16.5,,,,,,,,,0.1,0.1,1400000US28103950100,2020-04-13,28,103,950100
,,,,,,,36.8,35.8,,,,,,,,,0.2,0.2,1400000US28105950101,2020-04-13,28,105,950101
,,,,,,,40.4,40.0,,,,,,,,,0.1,0.1,1400000US28105950201,2020-04-13,28,105,950201
,,,,,,,21.0,20.9,,,,,,,,,0.2,0.2,1400000US28105950401,2020-04-13,28,105,950401
,,,,,,,42.6,42.3,,,,,,,,,0.1,0.1,1400000US28105950601,2020-04-13,28,105,950601
,,,,,,,40.0,39.7,,,,,,,,,0.0,0.0,1400000US28105950604,2020-04-13,28,105,950604
,,,,,,,42.1,18.1,,,,,,,,,0.0,0.0,1400000US28107950101,2020-04-13,28,107,950101
,,,,,,,54.4,26.5,,,,,,,,,0.1,0.1,1400000US28107950201,2020-04-13,28,107,950201
,,,,,,,44.9,16.8,,,,,,,,,0.1,0.1,1400000US28107950302,2020-04-13,28,107,950302
,,,,,,,48.9,23.0,,,,,,,,,0.1,0.1,1400000US28107950502,2020-04-13,28,107,950502
,,,,,,,38.4,13.7,,,,,,,,,0.4,0.1,1400000US28109950201,2020-04-13,28,109,950201
,,,,,,,43.2,18.4,,,,,,,,,0.4,0.2,1400000US28109950300,2020-04-13,28,109,950300
,,,,,,,37.9,37.4,,,,,,,,,0.1,0.1,1400000US28109950405,2020-04-13,28,109,950405
,,,,,,,50.5,21.5,,,,,,,,,0.3,0.0,1400000US28109950503,2020-04-13,28,109,950503
,,,,,,,36.0,13.9,,,,,,,,,0.0,0.0,1400000US28113950700,2020-04-13,28,113,950700
,,,,,,,49.9,18.5,,,,,,,,,0.1,0.1,1400000US28115950200,2020-04-13,28,115,950200
,,,,,,,52.1,18.6,,,,,,,,,0.0,0.0,1400000US28115950400,2020-04-13,28,115,950400
,,,,,,,45.9,13.2,,,,,,,,,0.1,0.0,1400000US28117950102,2020-04-13,28,117,950102
,,,,,,,53.4,20.2,,,,,,,,,0.1,0.0,1400000US28117950202,2020-04-13,28,117,950202
,,,,,,,51.1,16.8,,,,,,,,,0.3,0.0,1400000US28117950400,2020-04-13,28,117,950400
,,,,,,,28.7,16.2,,,,,,,,,0.1,0.0,1400000US28119950100,2020-04-13,28,119,950100
,,,,,,,49.3,24.9,,,,,,,,,0.2,0.2,1400000US28121020101,2020-04-13,28,121,020101
,,,,,,,35.9,34.9,,,,,,,,,0.2,0.2,1400000US28121020105,2020-04-13,28,121,020105
,,,,,,,52.6,52.4,,,,,,,,,0.2,0.2,1400000US28121020209,2020-04-13,28,121,020209
,,,,,,,55.1,54.4,,,,,,,,,0.5,0.5,1400000US28121020213,2020-04-13,28,121,020213
,,,,,,,50.2,49.4,,,,,,,,,0.2,0.2,1400000US28121020216,2020-04-13,28,121,020216
,,,,,,,49.1,48.8,,,,,,,,,0.3,0.3,1400000US28121020218,2020-04-13,28,121,020218
,,,,,,,57.3,56.8,,,,,,,,,0.4,0.4,1400000US28121020303,2020-04-13,28,121,020303
,,,,,,,49.5,48.7,,,,,,,,,0.2,0.2,1400000US28121020402,2020-04-13,28,121,020402
,,,,,,,52.6,52.0,,,,,,,,,0.3,0.3,1400000US28121020601,2020-04-13,28,121,020601
,,,,,,,49.4,44.8,,,,,,,,,0.3,0.3,1400000US28121020705,2020-04-13,28,121,020705
,,,,,,,44.9,44.5,,,,,,,,,0.1,0.1,1400000US28121020804,2020-04-13,28,121,020804
,,,,,,,59.0,58.1,,,,,,,,,0.4,0.4,1400000US28121020806,2020-04-13,28,121,020806
,,,,,,,48.9,48.0,,,,,,,,,0.3,0.3,1400000US28121021001,2020-04-13,28,121,021001
,,,,,,,50.1,49.4,,,,,,,,,0.3,0.3,1400000US28121021004,2020-04-13,28,121,021004
,,,,,,,47.4,18.8,,,,,,,,,0.2,0.1,1400000US28123020101,2020-04-13,28,123,020101
,,,,,,,46.6,18.8,,,,,,,,,0.0,0.0,1400000US28123020301,2020-04-13,28,123,020301
,,,,,,,42.7,20.0,,,,,,,,,0.1,0.0,1400000US28123020500,2020-04-13,28,123,020500
,,,,,,,24.6,12.4,,,,,,,,,0.2,0.1,1400000US28125950100,2020-04-13,28,125,950100
,,,,,,,43.5,17.1,,,,,,,,,0.3,0.1,1400000US28131020205,2020-04-13,28,131,020205
,,,,,,,41.9,19.5,,,,,,,,,0.1,0.0,1400000US28133950100,2020-04-13,28,133,950100
,,,,,,,50.0,48.8,,,,,,,,,0.0,0.0,1400000US28133950401,2020-04-13,28,133,950401
,,,,,,,49.3,26.0,,,,,,,,,0.2,0.2,1400000US28133950600,2020-04-13,28,133,950600
,,,,,,,34.2,13.6,,,,,,,,,0.3,0.1,1400000US28135950200,2020-04-13,28,135,950200
,,,,,,,22.1,6.8,,,,,,,,,0.2,0.1,1400000US28135950400,2020-04-13,28,135,950400
,,,,,,,55.5,22.3,,,,,,,,,0.4,0.1,1400000US28137950202,2020-04-13,28,137,950202
,,,,,,,50.8,23.6,,,,,,,,,0.1,0.0,1400000US28137950400,2020-04-13,28,137,950400
,,,,,,,45.2,17.7,,,,,,,,,0.2,0.0,1400000US28139950202,2020-04-13,28,139,950202
,,,,,,,50.7,17.7,,,,,,,,,0.2,0.1,1400000US28139950401,2020-04-13,28,139,950401
,,,,,,,36.5,12.9,,,,,,,,,0.1,0.0,1400000US28141950102,2020-04-13,28,141,950102
,,,,,,,47.5,15.1,,,,,,,,,0.2,0.1,1400000US28141950301,2020-04-13,28,141,950301
,,,,,,,43.5,14.9,,,,,,,,,0.1,0.1,1400000US28141950402,2020-04-13,28,141,950402
,,,,,,,45.3,26.3,,,,,,,,,0.2,0.1,1400000US28107950602,2020-04-13,28,107,950602
,,,,,,,27.3,17.5,,,,,,,,,0.1,0.1,1400000US28143950200,2020-04-13,28,143,950200
,,,,,,,55.4,18.6,,,,,,,,,0.2,0.1,1400000US28145950100,2020-04-13,28,145,950100
,,,,,,,51.0,20.7,,,,,,,,,0.2,0.2,1400000US28145950400,2020-04-13,28,145,950400
,,,,,,,44.4,16.7,,,,,,,,,0.1,0.1,1400000US28147950101,2020-04-13,28,147,950101
,,,,,,,46.2,18.3,,,,,,,,,0.0,0.0,1400000US28147950200,2020-04-13,28,147,950200
,,,,,,,27.3,11.3,,,,,,,,,0.2,0.1,1400000US28149950101,2020-04-13,28,149,950101
,,,,,,,47.4,24.0,,,,,,,,,0.0,0.0,1400000US28149950200,2020-04-13,28,149,950200
,,,,,,,45.5,25.7,,,,,,,,,0.0,0.0,1400000US28149950500,2020-04-13,28,149,950500
,,,,,,,56.8,30.5,,,,,,,,,0.1,0.1,1400000US28149950800,2020-04-13,28,149,950800
,,,,,,,43.7,42.7,,,,,,,,,0.0,0.0,1400000US28149950902,2020-04-13,28,149,950902
,,,,,,,33.0,17.3,,,,,,,,,0.1,0.1,1400000US28151000100,2020-04-13,28,151,000100
,,,,,,,42.4,21.1,,,,,,,,,0.3,0.1,1400000US28151000300,2020-04-13,28,151,000300
,,,,,,,41.8,18.8,,,,,,,,,0.2,0.1,1400000US28153950200,2020-04-13,28,153,950200
,,,,,,,46.3,16.2,,,,,,,,,0.1,0.0,1400000US28153950401,2020-04-13,28,153,950401
,,,,,,,49.5,17.7,,,,,,,,,0.2,0.0,1400000US28155950100,2020-04-13,28,155,950100
,,,,,,,25.7,11.7,,,,,,,,,0.0,0.0,1400000US28157950100,2020-04-13,28,157,950100
,,,,,,,15.6,10.7,,,,,,,,,0.1,0.1,1400000US28157950202,2020-04-13,28,157,950202
,,,,,,,53.2,23.0,,,,,,,,,0.1,0.0,1400000US28159950300,2020-04-13,28,159,950300
,,,,,,,42.8,14.3,,,,,,,,,0.2,0.1,1400000US28161950100,2020-04-13,28,161,950100
,,,,,,,40.3,13.6,,,,,,,,,0.1,0.1,1400000US28161950301,2020-04-13,28,161,950301
,,,,,,,51.5,25.6,,,,,,,,,0.0,0.0,1400000US28163950200,2020-04-13,28,163,950200
,,,,,,,40.9,23.4,,,,,,,,,0.1,0.1,1400000US28163950500,2020-04-13,28,163,950500
,,,,,,,42.7,16.3,,,,,,,,,0.0,0.0,1400000US28163950602,2020-04-13,28,163,950602
,,,,,,,44.3,19.0,,,,,,,,,0.1,0.0,1400000US28029950200,2020-04-13,28,029,950200
,,,,,,,60.6,60.2,,,,,,,,,0.5,0.5,1400000US28033070524,2020-04-13,28,033,070524
,,,,,,,57.9,57.0,,,,,,,,,0.0,0.0,1400000US28047001505,2020-04-13,28,047,001505
,,,,,,,43.1,41.9,,,,,,,,,0.1,0.1,1400000US28049010700,2020-04-13,28,049,010700
,,,,,,,39.0,17.5,,,,,,,,,0.2,0.0,1400000US28067950602,2020-04-13,28,067,950602
,,,,,,,45.8,25.0,,,,,,,,,0.0,0.0,1400000US28075980000,2020-04-13,28,075,980000
,,,,,,,48.0,47.2,,,,,,,,,0.2,0.2,1400000US28089030108,2020-04-13,28,089,030108
,,,,,,,55.7,23.1,,,,,,,,,0.2,0.1,1400000US28093950202,2020-04-13,28,093,950202
,,,,,,,47.4,20.4,,,,,,,,,0.3,0.1,1400000US28123020600,2020-04-13,28,123,020600
,,,,,,,55.7,55.3,,,,,,,,,0.3,0.3,1400000US28149950901,2020-04-13,28,149,950901
,,,,,,,39.9,16.4,,,,,,,,,0.2,0.0,1400000US28031950300,2020-04-13,28,031,950300
,,,,,,,59.7,58.8,,,,,,,,,0.4,0.4,1400000US28033070724,2020-04-13,28,033,070724
,,,,,,,36.6,36.5,,,,,,,,,0.2,0.2,1400000US28047002500,2020-04-13,28,047,002500
,,,,,,,45.1,44.7,,,,,,,,,0.0,0.0,1400000US28049010804,2020-04-13,28,049,010804
,,,,,,,56.1,55.4,,,,,,,,,0.2,0.2,1400000US28081950203,2020-04-13,28,081,950203
,,,,,,,66.4,66.3,,,,,,,,,0.4,0.4,1400000US28089030402,2020-04-13,28,089,030402
,,,,,,,49.6,16.3,,,,,,,,,0.2,0.1,1400000US28095950502,2020-04-13,28,095,950502
,,,,,,,58.1,31.1,,,,,,,,,0.3,0.1,1400000US28151000701,2020-04-13,28,151,000701
,,,,,,,44.0,21.2,,,,,,,,,0.1,0.1,1400000US28001000101,2020-04-13,28,001,000101
,,,,,,,46.9,19.0,,,,,,,,,0.1,0.1,1400000US28001000102,2020-04-13,28,001,000102
,,,,,,,54.8,26.6,,,,,,,,,0.1,0.0,1400000US28001000200,2020-04-13,28,001,000200
,,,,,,,45.3,19.5,,,,,,,,,0.0,0.0,1400000US28001000300,2020-04-13,28,001,000300
,,,,,,,47.2,23.0,,,,,,,,,0.1,0.0,1400000US28001000400,2020-04-13,28,001,000400
,,,,,,,52.5,25.2,,,,,,,,,0.1,0.1,1400000US28001000500,2020-04-13,28,001,000500
,,,,,,,51.7,26.9,,,,,,,,,0.2,0.1,1400000US28001000600,2020-04-13,28,001,000600
,,,,,,,34.5,33.2,,,,,,,,,0.1,0.1,1400000US28001000700,2020-04-13,28,001,000700
,,,,,,,49.2,23.4,,,,,,,,,0.1,0.1,1400000US28001000800,2020-04-13,28,001,000800
,,,,,,,57.8,26.8,,,,,,,,,0.2,0.2,1400000US28001000900,2020-04-13,28,001,000900
,,,,,,,51.6,22.3,,,,,,,,,0.2,0.0,1400000US28003950100,2020-04-13,28,003,950100
,,,,,,,47.1,22.5,,,,,,,,,0.4,0.1,1400000US28003950201,2020-04-13,28,003,950201
,,,,,,,58.7,30.7,,,,,,,,,0.2,0.0,1400000US28003950202,2020-04-13,28,003,950202
,,,,,,,45.4,18.8,,,,,,,,,0.2,0.1,1400000US28003950300,2020-04-13,28,003,950300
,,,,,,,52.0,20.8,,,,,,,,,0.3,0.1,1400000US28003950401,2020-04-13,28,003,950401
,,,,,,,50.4,17.1,,,,,,,,,0.1,0.0,1400000US28003950402,2020-04-13,28,003,950402
,,,,,,,47.2,19.6,,,,,,,,,0.2,0.0,1400000US28003950501,2020-04-13,28,003,950501
,,,,,,,40.6,19.6,,,,,,,,,0.4,0.1,1400000US28003950502,2020-04-13,28,003,950502
,,,,,,,48.7,17.0,,,,,,,,,0.2,0.1,1400000US28003950600,2020-04-13,28,003,950600
